signal_id,ehtimollik
SG_000001,0.3308555555555555
SG_000007,0.6506777777777778
SG_000009,0.11036111111111112
SG_000010,0.09463888888888887
SG_000011,0.2766638888888889
SG_000018,0.5855611111111111
SG_000024,0.6295388888888889
SG_000026,0.33826944444444446
SG_000032,0.5696055555555556
SG_000033,0.7830111111111111
SG_000034,0.09668611111111111
SG_000036,0.3619138888888889
SG_000039,0.19619722222222225
SG_000048,0.16955833333333334
SG_000049,0.5386666666666666
SG_000050,0.8948222222222222
SG_000053,0.03618611111111111
SG_000054,0.7457222222222223
SG_000055,0.6886722222222221
SG_000058,0.3028416666666667
SG_000059,0.40613055555555555
SG_000061,0.3955722222222222
SG_000062,0.6199833333333332
SG_000072,0.5077027777777778
SG_000073,0.6924833333333332
SG_000075,0.5188277777777777
SG_000080,0.8720583333333334
SG_000081,0.5509583333333333
SG_000083,0.21430833333333332
SG_000086,0.43652777777777785
SG_000087,0.8964694444444444
SG_000092,0.750838888888889
SG_000099,0.8214166666666667
SG_000100,0.4491
SG_000105,0.18773611111111108
SG_000106,0.5419194444444444
SG_000107,0.0074222222222222215
SG_000118,0.7287833333333333
SG_000120,0.3140333333333333
SG_000125,0.3818638888888889
SG_000129,0.31703611111111113
SG_000137,0.4599416666666666
SG_000146,0.5537222222222222
SG_000147,0.8831777777777777
SG_000149,0.7748805555555555
SG_000153,0.6975
SG_000161,0.4550083333333333
SG_000163,0.17256666666666667
SG_000165,0.8510638888888888
SG_000173,0.22535
SG_000178,0.2840222222222222
SG_000179,0.12164722222222223
SG_000187,0.9989833333333332
SG_000192,0.002502777777777778
SG_000193,0.8762138888888888
SG_000195,0.3224694444444444
SG_000196,0.7227777777777776
SG_000201,0.11654444444444444
SG_000203,0.24228055555555555
SG_000205,0.9962833333333333
SG_000207,0.6014416666666667
SG_000211,0.7738055555555556
SG_000214,0.24109444444444444
SG_000217,0.026675
SG_000218,0.99725
SG_000219,0.566225
SG_000227,0.21975
SG_000229,0.10379722222222222
SG_000232,0.6355916666666667
SG_000240,0.041347222222222216
SG_000242,0.8846999999999999
SG_000244,0.5184861111111111
SG_000246,0.33215277777777774
SG_000250,0.3923333333333333
SG_000253,0.6230749999999999
SG_000262,0.3991805555555556
SG_000269,0.9218888888888889
SG_000270,0.3220222222222222
SG_000271,0.8226722222222221
SG_000284,0.9018694444444445
SG_000286,0.6754222222222223
SG_000287,0.4319888888888889
SG_000290,0.9992055555555556
SG_000291,0.6628027777777777
SG_000301,0.4466805555555555
SG_000302,0.7411583333333335
SG_000304,0.15051944444444446
SG_000306,0.8317138888888888
SG_000309,0.135275
SG_000314,0.5166
SG_000319,0.9088999999999999
SG_000320,0.24255555555555555
SG_000321,0.3150777777777778
SG_000325,0.7040472222222222
SG_000328,0.17154166666666668
SG_000329,0.26361944444444446
SG_000333,0.2742722222222222
SG_000334,0.8700194444444445
SG_000335,0.26764722222222226
SG_000339,0.029475000000000005
SG_000341,0.11834722222222223
SG_000345,0.9619722222222221
SG_000347,0.35544722222222225
SG_000349,0.19056944444444443
SG_000350,0.24835833333333335
SG_000351,0.07428611111111112
SG_000357,0.3757833333333333
SG_000360,0.9169777777777778
SG_000366,0.9695944444444444
SG_000368,0.8041527777777777
SG_000370,0.5424277777777777
SG_000378,0.2581722222222222
SG_000386,0.6225444444444445
SG_000394,0.3621027777777778
SG_000395,0.15183333333333332
SG_000397,0.9335388888888889
SG_000398,0.4347055555555556
SG_000401,0.48164999999999997
SG_000402,0.41457777777777777
SG_000414,0.8918999999999999
SG_000415,0.5326222222222222
SG_000419,0.7844916666666666
SG_000420,0.6435472222222223
SG_000422,0.9205861111111111
SG_000425,0.7290944444444445
SG_000430,0.05983888888888889
SG_000431,0.008480555555555557
SG_000435,0.011966666666666665
SG_000436,0.241075
SG_000440,0.40307499999999996
SG_000444,0.2272972222222222
SG_000450,0.6491583333333334
SG_000452,0.33363055555555554
SG_000454,0.5393361111111111
SG_000460,0.4462888888888889
SG_000462,0.27315833333333334
SG_000471,0.4607277777777778
SG_000474,0.7066944444444443
SG_000475,0.8075833333333333
SG_000476,0.32984444444444444
SG_000480,0.6919138888888889
SG_000482,0.8922666666666668
SG_000484,0.8252805555555556
SG_000487,0.7540861111111111
SG_000488,0.6989888888888889
SG_000494,0.769138888888889
SG_000496,0.6230222222222223
SG_000497,0.08010555555555555
SG_000498,0.4065722222222222
SG_000501,0.5152527777777778
SG_000506,0.8259083333333334
SG_000511,0.3892277777777778
SG_000513,0.09420277777777779
SG_000524,0.11519166666666668
SG_000526,0.782375
SG_000527,0.24870277777777777
SG_000530,0.38369722222222225
SG_000535,0.498275
SG_000536,0.5761083333333333
SG_000551,0.7203805555555555
SG_000561,0.8567777777777776
SG_000563,0.9639249999999999
SG_000567,0.8295027777777777
SG_000572,0.6407944444444444
SG_000580,0.5092472222222223
SG_000583,0.5340666666666666
SG_000585,0.9183805555555554
SG_000588,0.21799166666666667
SG_000591,0.7750499999999999
SG_000593,0.28055555555555556
SG_000594,0.7057722222222222
SG_000598,0.08425
SG_000603,0.6902472222222222
SG_000610,0.1869777777777778
SG_000614,0.42196388888888886
SG_000615,0.4573888888888889
SG_000616,0.0754888888888889
SG_000617,0.11916111111111112
SG_000619,0.1924777777777778
SG_000621,0.8001444444444444
SG_000629,0.8011722222222223
SG_000633,0.49979444444444443
SG_000634,0.7091444444444445
SG_000638,0.4652888888888889
SG_000640,0.43657222222222225
SG_000643,0.647
SG_000646,0.885475
SG_000648,0.25291111111111114
SG_000657,0.43025833333333335
SG_000662,0.4654805555555555
SG_000665,0.15742499999999998
SG_000666,0.6755388888888889
SG_000672,0.25424166666666664
SG_000674,0.6486305555555556
SG_000677,0.18350833333333333
SG_000678,0.79225
SG_000679,0.06313333333333332
SG_000691,0.6559805555555556
SG_000692,0.22840555555555556
SG_000693,0.8380972222222222
SG_000695,0.9480194444444444
SG_000696,0.21997222222222224
SG_000698,0.07059444444444443
SG_000706,0.17833333333333334
SG_000709,0.21674722222222223
SG_000713,0.42720833333333336
SG_000716,0.40875277777777774
SG_000717,0.01815
SG_000719,0.5316888888888889
SG_000722,0.7889027777777777
SG_000727,0.3184694444444444
SG_000734,0.3388194444444444
SG_000737,0.13149166666666667
SG_000739,0.3425027777777778
SG_000742,0.6836583333333335
SG_000743,0.4779361111111111
SG_000750,0.4698638888888889
SG_000751,0.8726638888888889
SG_000759,0.8829527777777778
SG_000762,0.552061111111111
SG_000764,0.4583388888888889
SG_000768,0.11504166666666667
SG_000769,0.6754111111111111
SG_000770,0.5019583333333333
SG_000788,0.9954194444444444
SG_000790,0.19426666666666664
SG_000797,0.5691222222222223
SG_000798,0.0312
SG_000799,0.49787777777777775
SG_000802,0.8530333333333334
SG_000803,0.9827138888888888
SG_000809,0.8958555555555555
SG_000811,0.33405
SG_000812,0.9084277777777777
SG_000816,0.9579805555555555
SG_000817,0.6064277777777778
SG_000820,0.20269444444444443
SG_000821,0.1098638888888889
SG_000826,0.34625277777777774
SG_000840,0.7135944444444444
SG_000849,0.6677916666666667
SG_000851,0.2618916666666667
SG_000856,0.1216
SG_000857,0.865661111111111
SG_000864,0.11658888888888888
SG_000865,0.09299722222222223
SG_000875,0.5962916666666667
SG_000883,0.31223333333333336
SG_000888,0.5735
SG_000889,0.6670472222222223
SG_000890,0.695888888888889
SG_000891,0.2087111111111111
SG_000903,0.338325
SG_000907,0.5410833333333334
SG_000909,0.09367222222222221
SG_000910,0.6165888888888889
SG_000911,0.7939972222222222
SG_000912,0.8489027777777778
SG_000913,0.8221861111111112
SG_000917,0.8672638888888888
SG_000920,0.4128055555555555
SG_000928,0.01805
SG_000934,0.0807361111111111
SG_000935,0.9168638888888889
SG_000938,0.7920694444444444
SG_000940,0.11188055555555555
SG_000943,0.6268305555555556
SG_000945,0.5643666666666667
SG_000946,0.3873027777777778
SG_000948,0.33800555555555556
SG_000950,0.4775666666666667
SG_000954,0.44198333333333334
SG_000959,0.8737444444444445
SG_000963,0.5179472222222222
SG_000965,0.34346111111111105
SG_000968,0.7926361111111111
SG_000970,0.8461805555555555
SG_000973,0.09444722222222224
SG_000975,0.09545833333333334
SG_000977,0.10764166666666668
SG_000980,0.9764611111111111
SG_000981,0.7697583333333333
SG_000985,0.7194833333333333
SG_000987,0.9729805555555555
SG_000988,0.3809194444444444
SG_000990,0.8610694444444443
SG_000991,0.8406416666666666
SG_001002,0.673625
SG_001004,0.8679416666666666
SG_001009,0.467225
SG_001010,0.2464555555555555
SG_001014,0.5111083333333334
SG_001023,0.6901277777777778
SG_001027,0.023580555555555553
SG_001028,0.8120972222222224
SG_001030,0.5283194444444445
SG_001031,0.5008027777777778
SG_001032,0.3392833333333333
SG_001042,0.6349444444444444
SG_001048,0.2147388888888889
SG_001049,0.14396666666666666
SG_001052,0.21391944444444444
SG_001058,0.4400916666666667
SG_001060,0.2601361111111111
SG_001066,0.8445194444444445
SG_001067,0.5621861111111112
SG_001070,0.28967777777777776
SG_001071,0.5193444444444444
SG_001075,0.02396388888888889
SG_001076,0.8222305555555556
SG_001078,0.08041666666666666
SG_001081,0.5270472222222221
SG_001085,0.20153055555555557
SG_001086,0.17390833333333333
SG_001100,0.42305000000000004
SG_001101,0.008966666666666666
SG_001102,0.7821527777777777
SG_001106,0.3669305555555555
SG_001107,0.07084166666666666
SG_001108,0.661725
SG_001109,0.27374444444444446
SG_001111,0.9581222222222222
SG_001117,0.9403722222222223
SG_001121,0.6522972222222223
SG_001123,0.8884944444444445
SG_001125,0.7510694444444443
SG_001126,0.9957666666666667
SG_001128,0.36922499999999997
SG_001133,0.1757138888888889
SG_001135,0.8165222222222221
SG_001143,0.9941083333333333
SG_001153,0.02134166666666667
SG_001155,0.88375
SG_001157,0.7127749999999999
SG_001159,0.550825
SG_001161,0.9574638888888888
SG_001163,0.026024999999999996
SG_001167,0.961725
SG_001180,0.6721527777777778
SG_001181,0.9926
SG_001182,0.3712916666666667
SG_001184,0.47741666666666666
SG_001188,0.15588888888888888
SG_001190,0.8101833333333334
SG_001192,0.6581138888888889
SG_001196,0.9268611111111111
SG_001201,0.7393361111111111
SG_001202,0.06799166666666667
SG_001203,0.500286111111111
SG_001205,0.46401666666666674
SG_001208,0.866425
SG_001210,0.7067277777777778
SG_001211,0.5734027777777778
SG_001213,0.7555916666666667
SG_001215,0.8648944444444444
SG_001217,0.8309
SG_001225,0.7586805555555557
SG_001226,0.7131944444444444
SG_001229,0.8378222222222222
SG_001230,0.29415555555555556
SG_001236,0.34162222222222227
SG_001237,0.01781388888888889
SG_001243,0.7749388888888888
SG_001245,0.29276388888888893
SG_001248,0.10193055555555557
SG_001252,0.08237777777777777
SG_001255,0.9707333333333332
SG_001257,0.7452611111111112
SG_001262,0.42066944444444443
SG_001264,0.31817500000000004
SG_001267,0.2782833333333333
SG_001279,0.00618888888888889
SG_001285,0.20795555555555556
SG_001287,0.07381388888888889
SG_001293,0.7458111111111111
SG_001296,0.85535
SG_001298,0.2866944444444444
SG_001303,0.2998388888888889
SG_001305,0.31127777777777776
SG_001306,0.8208583333333335
SG_001309,0.5131083333333334
SG_001312,0.08569166666666667
SG_001313,0.5022555555555556
SG_001314,0.3534055555555556
SG_001316,0.38853055555555555
SG_001318,0.2703277777777778
SG_001319,0.7378083333333334
SG_001321,0.8755638888888889
SG_001322,0.5867805555555555
SG_001327,0.121325
SG_001331,0.43364444444444444
SG_001335,0.42638333333333334
SG_001336,0.7588444444444444
SG_001349,0.7417277777777778
SG_001350,0.65445
SG_001352,0.7053527777777778
SG_001354,0.23942222222222223
SG_001361,0.16206666666666666
SG_001362,0.7741222222222223
SG_001364,0.4037861111111111
SG_001374,0.9437166666666665
SG_001389,0.4038055555555556
SG_001390,0.15458611111111112
SG_001395,0.9481083333333332
SG_001397,0.22861666666666663
SG_001401,0.3994666666666667
SG_001402,0.456325
SG_001405,0.08373611111111111
SG_001412,0.9667749999999999
SG_001415,0.5267833333333333
SG_001419,0.23925
SG_001421,0.7499166666666667
SG_001423,0.6157250000000001
SG_001432,0.6894333333333333
SG_001433,0.35233333333333333
SG_001441,0.8251583333333333
SG_001446,0.15083055555555555
SG_001447,0.32395833333333335
SG_001448,0.016244444444444443
SG_001453,0.16792222222222222
SG_001458,0.51635
SG_001465,0.49675
SG_001469,0.8657138888888888
SG_001470,0.3857388888888889
SG_001472,0.9286166666666666
SG_001476,0.5753916666666667
SG_001478,0.9390472222222221
SG_001480,0.972263888888889
SG_001484,0.06774722222222222
SG_001487,0.9046916666666668
SG_001493,0.6128222222222223
SG_001494,0.9682416666666667
SG_001500,0.5225194444444444
SG_001505,0.6966972222222222
SG_001506,0.7903083333333334
SG_001510,0.2113722222222222
SG_001514,0.78825
SG_001520,0.6344333333333334
SG_001525,0.9332583333333334
SG_001527,0.38433333333333336
SG_001528,0.5087916666666666
SG_001529,0.18745555555555557
SG_001531,0.6664611111111112
SG_001541,0.969525
SG_001542,0.4671972222222222
SG_001543,0.9393999999999999
SG_001545,0.4435472222222222
SG_001549,0.6765916666666667
SG_001557,0.5355888888888889
SG_001558,0.8728416666666667
SG_001561,0.5562722222222222
SG_001562,0.02188611111111111
SG_001563,0.9122555555555555
SG_001567,0.3837666666666667
SG_001568,0.4428527777777778
SG_001569,0.4792527777777778
SG_001570,0.6978222222222222
SG_001571,0.5067444444444444
SG_001572,0.7621361111111111
SG_001573,0.15447777777777777
SG_001576,0.5498388888888889
SG_001584,0.34233611111111106
SG_001590,0.5122972222222222
SG_001591,0.27456111111111114
SG_001592,0.09184444444444444
SG_001595,0.18355277777777776
SG_001601,0.9481027777777778
SG_001604,0.6642361111111111
SG_001609,0.6229694444444445
SG_001610,0.8377000000000001
SG_001612,0.252275
SG_001613,0.8296194444444446
SG_001615,0.230625
SG_001623,0.3775111111111111
SG_001624,0.1130138888888889
SG_001631,0.46306111111111115
SG_001634,0.6411194444444444
SG_001636,0.9504805555555556
SG_001638,0.9178805555555555
SG_001647,0.6509333333333334
SG_001650,0.6921416666666668
SG_001653,0.7519833333333332
SG_001654,0.9003583333333333
SG_001658,0.8759888888888889
SG_001663,0.4823638888888889
SG_001667,0.30093055555555553
SG_001668,0.30509444444444445
SG_001670,0.014394444444444444
SG_001683,0.15710000000000002
SG_001686,0.721963888888889
SG_001688,0.7270611111111112
SG_001689,0.08979722222222222
SG_001698,0.9886333333333333
SG_001704,0.7150277777777778
SG_001711,0.6162222222222222
SG_001719,0.14628055555555555
SG_001720,0.06362222222222222
SG_001723,0.6106666666666667
SG_001726,0.668375
SG_001728,0.07504722222222222
SG_001731,0.15196944444444443
SG_001733,0.6841583333333334
SG_001734,0.2388527777777778
SG_001735,0.780611111111111
SG_001737,0.8984416666666666
SG_001738,0.6909694444444444
SG_001739,0.40440000000000004
SG_001740,0.4271694444444444
SG_001744,0.6262666666666666
SG_001745,0.35573333333333335
SG_001750,0.177725
SG_001751,0.4001722222222222
SG_001761,0.5391583333333333
SG_001767,0.23325833333333337
SG_001768,0.8103888888888889
SG_001769,0.22827777777777775
SG_001776,0.953575
SG_001786,0.03496944444444444
SG_001788,0.4554416666666667
SG_001789,0.8138944444444445
SG_001790,0.17546944444444443
SG_001791,0.6472333333333333
SG_001792,0.7009361111111111
SG_001793,0.4197361111111111
SG_001796,0.41799444444444445
SG_001797,0.14316666666666666
SG_001803,0.3951638888888889
SG_001804,0.1118638888888889
SG_001806,0.24828055555555553
SG_001811,0.46839444444444445
SG_001815,0.6290027777777778
SG_001819,0.4136027777777778
SG_001824,0.5293416666666667
SG_001825,0.7879583333333333
SG_001827,0.7430027777777778
SG_001830,0.6279555555555556
SG_001831,0.30252222222222225
SG_001833,0.8622138888888888
SG_001836,0.29320277777777776
SG_001844,0.6998277777777778
SG_001846,0.22963333333333333
SG_001847,0.7839888888888888
SG_001848,0.9646222222222223
SG_001849,0.7399555555555556
SG_001851,0.14141944444444443
SG_001858,0.5246583333333333
SG_001860,0.08356666666666666
SG_001862,0.7533361111111111
SG_001864,0.10836388888888888
SG_001865,0.5053833333333334
SG_001867,0.6177722222222222
SG_001872,0.03288611111111111
SG_001876,0.3487388888888889
SG_001877,0.922111111111111
SG_001883,0.6520416666666666
SG_001884,0.4368305555555555
SG_001885,0.06357499999999999
SG_001886,0.9825499999999999
SG_001888,0.1552388888888889
SG_001890,0.2574194444444444
SG_001892,0.6401472222222222
SG_001893,0.8625777777777777
SG_001894,0.33521388888888887
SG_001895,0.7890555555555555
SG_001897,0.7264888888888889
SG_001901,0.5927555555555556
SG_001903,0.6066861111111111
SG_001904,0.12369444444444445
SG_001906,0.43900277777777774
SG_001909,0.47542500000000004
SG_001912,0.41261944444444437
SG_001914,0.18107777777777778
SG_001915,0.19445277777777778
SG_001919,0.7212
SG_001924,0.3229416666666666
SG_001925,0.05821111111111111
SG_001928,0.8047555555555554
SG_001930,0.24964999999999998
SG_001932,0.21982500000000002
SG_001933,0.4682722222222222
SG_001934,0.02645
SG_001936,0.059144444444444444
SG_001947,0.4952611111111111
SG_001953,0.9253888888888888
SG_001954,0.027452777777777777
SG_001955,0.7668694444444445
SG_001963,0.6786805555555555
SG_001971,0.9008027777777777
SG_001975,0.6270166666666667
SG_001976,0.23968055555555554
SG_001977,0.8244638888888888
SG_001980,0.12639722222222222
SG_001981,0.11267777777777777
SG_001982,0.7104583333333333
SG_001990,0.4723305555555556
SG_001999,0.03446111111111111
SG_002000,0.7651416666666667
SG_002002,0.9015361111111111
SG_002004,0.5275277777777778
SG_002008,0.954375
SG_002009,0.48593888888888886
SG_002016,0.7997749999999999
SG_002021,0.5257027777777777
SG_002024,0.7623222222222222
SG_002027,0.8880972222222223
SG_002037,0.8610638888888889
SG_002038,0.6514277777777777
SG_002039,0.7659611111111111
SG_002044,0.8822527777777778
SG_002045,0.16570277777777778
SG_002048,0.04428055555555556
SG_002050,0.8848027777777777
SG_002052,0.5994055555555555
SG_002063,0.374475
SG_002067,0.9585611111111111
SG_002068,0.3416972222222222
SG_002069,0.14517777777777777
SG_002074,0.10903611111111111
SG_002075,0.3398361111111111
SG_002078,0.09247777777777778
SG_002081,0.26000277777777775
SG_002090,0.8870694444444445
SG_002097,0.9191666666666667
SG_002103,0.4813638888888889
SG_002105,0.6827972222222222
SG_002110,0.4678305555555556
SG_002122,0.3928416666666667
SG_002123,0.44962777777777774
SG_002125,0.982775
SG_002129,0.9088277777777779
SG_002131,0.8572222222222222
SG_002137,0.46681666666666666
SG_002142,0.8956916666666666
SG_002150,0.5215722222222222
SG_002151,0.5342027777777778
SG_002152,0.6823972222222222
SG_002166,0.15892499999999998
SG_002171,0.7174583333333333
SG_002172,0.4471861111111111
SG_002176,0.22630000000000003
SG_002177,0.9427194444444444
SG_002181,0.9381361111111111
SG_002184,0.13148055555555554
SG_002185,0.9941722222222221
SG_002186,0.09627222222222222
SG_002191,0.29620555555555556
SG_002192,0.5738333333333333
SG_002194,0.6112388888888889
SG_002200,0.07511388888888888
SG_002209,0.6869944444444444
SG_002213,0.11394444444444443
SG_002220,0.19325833333333334
SG_002223,0.2324888888888889
SG_002227,0.23800277777777779
SG_002228,0.1426111111111111
SG_002233,0.5353972222222222
SG_002241,0.7483444444444445
SG_002248,0.9040888888888888
SG_002251,0.7865944444444445
SG_002252,0.46773055555555554
SG_002254,0.840586111111111
SG_002255,0.7475888888888889
SG_002260,0.9374138888888889
SG_002262,0.2788333333333333
SG_002263,0.1719527777777778
SG_002266,0.23033888888888887
SG_002270,0.22885000000000003
SG_002277,0.24223611111111112
SG_002278,0.17284999999999998
SG_002280,0.23270555555555555
SG_002281,0.6075777777777779
SG_002283,0.5024361111111111
SG_002284,0.8845861111111111
SG_002286,0.5504416666666666
SG_002288,0.3375111111111111
SG_002291,0.7185361111111112
SG_002292,0.43508888888888886
SG_002294,0.5249611111111111
SG_002296,0.6144222222222222
SG_002298,0.45256111111111114
SG_002301,0.33798055555555556
SG_002304,0.8003194444444444
SG_002311,0.5445777777777777
SG_002319,0.9334000000000001
SG_002320,0.5117083333333333
SG_002322,0.3460333333333333
SG_002324,0.39665277777777774
SG_002328,0.5790111111111111
SG_002332,0.31887777777777776
SG_002341,0.9875027777777777
SG_002346,0.34406111111111115
SG_002347,0.8065972222222222
SG_002352,0.29278611111111114
SG_002357,0.4008555555555555
SG_002361,0.5194027777777779
SG_002370,0.04888055555555555
SG_002371,0.6411388888888888
SG_002372,0.10409722222222222
SG_002373,0.38826944444444444
SG_002374,0.24193055555555554
SG_002375,0.43966111111111106
SG_002381,0.19321944444444444
SG_002385,0.06153333333333333
SG_002387,0.35953888888888885
SG_002390,0.8166527777777778
SG_002391,0.018738888888888888
SG_002392,0.03844722222222222
SG_002394,0.7200527777777778
SG_002396,0.36298055555555553
SG_002401,0.35367777777777776
SG_002402,0.25955
SG_002404,0.6606194444444445
SG_002407,0.4586027777777778
SG_002410,0.2651138888888889
SG_002419,0.9370194444444445
SG_002421,0.5365083333333333
SG_002422,0.3401583333333333
SG_002423,0.9766972222222222
SG_002429,0.3073527777777778
SG_002430,0.6925638888888889
SG_002434,0.914675
SG_002437,0.7204805555555556
SG_002442,0.22840833333333335
SG_002444,0.13611944444444446
SG_002447,0.2349027777777778
SG_002448,0.09819444444444446
SG_002450,0.921013888888889
SG_002453,0.22945555555555555
SG_002454,0.49639444444444447
SG_002455,0.6482027777777778
SG_002456,0.8612583333333333
SG_002458,0.24864722222222221
SG_002459,0.8231083333333332
SG_002460,0.812
SG_002462,0.1968416666666667
SG_002464,0.509788888888889
SG_002466,0.8462277777777778
SG_002475,0.5625083333333334
SG_002477,0.6149694444444445
SG_002479,0.5295777777777778
SG_002482,0.38881388888888885
SG_002483,0.8401722222222223
SG_002486,0.5975388888888888
SG_002490,0.8047583333333334
SG_002493,0.2001638888888889
SG_002495,0.7339444444444443
SG_002498,0.205375
SG_002500,0.7931444444444444
SG_002502,0.11934444444444443
SG_002507,0.5868833333333333
SG_002509,0.5966333333333333
SG_002517,0.7923861111111111
SG_002520,0.500788888888889
SG_002522,0.44912222222222226
SG_002526,0.08796111111111111
SG_002529,0.07597222222222223
SG_002532,0.13129444444444444
SG_002539,0.11810555555555556
SG_002541,0.013419444444444444
SG_002544,0.110525
SG_002545,0.4818277777777778
SG_002546,0.6455222222222222
SG_002548,0.915675
SG_002555,0.8340694444444443
SG_002559,0.2530472222222222
SG_002568,0.060408333333333335
SG_002572,0.9369722222222223
SG_002573,0.20041944444444446
SG_002577,0.5414
SG_002580,0.5924111111111111
SG_002583,0.7117388888888889
SG_002586,0.5113222222222222
SG_002587,0.8224333333333333
SG_002588,0.2350361111111111
SG_002594,0.4277583333333333
SG_002596,0.010897222222222221
SG_002597,0.053644444444444446
SG_002599,0.5017444444444444
SG_002600,0.5823638888888889
SG_002601,0.03803611111111111
SG_002605,0.5024861111111112
SG_002613,0.4421777777777778
SG_002615,0.6177166666666667
SG_002618,0.14373055555555558
SG_002622,0.21665277777777775
SG_002627,0.7845416666666667
SG_002628,0.3749972222222222
SG_002630,0.006091666666666666
SG_002633,0.7636638888888889
SG_002638,0.1081361111111111
SG_002649,0.571175
SG_002650,0.5061777777777777
SG_002652,0.2450388888888889
SG_002653,0.45905277777777775
SG_002654,0.19871388888888888
SG_002657,0.35770277777777776
SG_002664,0.522975
SG_002665,0.022105555555555555
SG_002666,0.657025
SG_002667,0.4824194444444444
SG_002672,0.7503583333333332
SG_002673,0.8158138888888888
SG_002674,0.5844750000000001
SG_002675,0.3866583333333333
SG_002680,0.8802722222222222
SG_002684,0.9121055555555555
SG_002688,0.9065305555555556
SG_002689,0.2094305555555556
SG_002691,0.1793527777777778
SG_002693,0.9410555555555555
SG_002699,0.3360388888888889
SG_002701,0.6683305555555556
SG_002705,0.8000277777777778
SG_002720,0.0027055555555555557
SG_002731,0.6253361111111111
SG_002733,0.09015555555555557
SG_002735,0.6389083333333333
SG_002736,0.8351472222222222
SG_002738,0.1093361111111111
SG_002742,0.6436222222222223
SG_002746,0.2685916666666667
SG_002748,0.04258611111111111
SG_002752,0.16186944444444445
SG_002755,0.3678361111111111
SG_002757,0.21775
SG_002759,0.3932166666666666
SG_002767,0.5327972222222223
SG_002770,0.9144
SG_002773,0.8891027777777778
SG_002777,0.9005722222222222
SG_002782,0.07884722222222222
SG_002783,0.12460277777777776
SG_002785,0.12216666666666667
SG_002788,0.6648416666666667
SG_002789,0.8106611111111112
SG_002793,0.5898
SG_002796,0.10805833333333331
SG_002798,0.4841055555555555
SG_002809,0.7573555555555556
SG_002814,0.768125
SG_002820,0.2960611111111111
SG_002825,0.8110972222222221
SG_002827,0.39775555555555553
SG_002829,0.6055055555555555
SG_002832,0.9314111111111112
SG_002834,0.12607222222222222
SG_002840,0.5486861111111111
SG_002842,0.4261583333333333
SG_002843,0.43235833333333334
SG_002849,0.963175
SG_002850,0.24896944444444444
SG_002853,0.275625
SG_002875,0.8885333333333333
SG_002882,0.8470305555555556
SG_002887,0.9928194444444444
SG_002891,0.768375
SG_002896,0.3776305555555555
SG_002904,0.5415416666666667
SG_002906,0.8532166666666667
SG_002907,0.5698527777777778
SG_002910,0.6836666666666666
SG_002918,0.40142500000000003
SG_002926,0.2208277777777778
SG_002930,0.34340000000000004
SG_002932,0.09442222222222221
SG_002937,0.5878916666666667
SG_002939,0.49054166666666665
SG_002943,0.07113888888888889
SG_002944,0.43755000000000005
SG_002947,0.059297222222222216
SG_002949,0.47246944444444444
SG_002950,0.05382777777777778
SG_002952,0.3043777777777778
SG_002954,0.42606388888888885
SG_002955,0.9379527777777777
SG_002958,0.6846583333333335
SG_002960,0.3968194444444445
SG_002964,0.8424222222222222
SG_002967,0.38043611111111114
SG_002972,0.9686083333333333
SG_002982,0.9644916666666666
SG_002985,0.69625
SG_002989,0.6421361111111111
SG_002999,0.3900555555555555
SG_003002,0.7016166666666667
SG_003008,0.5147666666666667
SG_003023,0.21554722222222222
SG_003024,0.08429722222222223
SG_003026,0.8019638888888888
SG_003028,0.8354166666666667
SG_003030,0.5249916666666666
SG_003031,0.5453361111111111
SG_003037,0.07154444444444445
SG_003042,0.504125
SG_003043,0.13493333333333335
SG_003044,0.9210444444444444
SG_003045,0.3249027777777778
SG_003048,0.3602722222222222
SG_003049,0.1600111111111111
SG_003051,0.18425833333333333
SG_003052,0.3509138888888889
SG_003059,0.9393416666666667
SG_003062,0.24379722222222222
SG_003065,0.20210555555555554
SG_003067,0.2840861111111111
SG_003071,0.2033638888888889
SG_003072,0.5823555555555555
SG_003073,0.5898722222222222
SG_003075,0.5830361111111111
SG_003080,0.198675
SG_003082,0.49343611111111113
SG_003084,0.8883527777777778
SG_003085,0.36223055555555556
SG_003088,0.7169305555555556
SG_003089,0.4534166666666667
SG_003096,0.337625
SG_003097,0.8041499999999999
SG_003102,0.2271138888888889
SG_003105,0.7942416666666666
SG_003107,0.0881138888888889
SG_003111,0.35758611111111105
SG_003116,0.4801222222222223
SG_003118,0.3163527777777778
SG_003125,0.11534166666666666
SG_003127,0.3779666666666667
SG_003133,0.8442972222222221
SG_003135,0.7148944444444445
SG_003137,0.6046611111111111
SG_003138,0.25916944444444445
SG_003139,0.9787805555555555
SG_003141,0.9619444444444444
SG_003144,0.8598944444444445
SG_003151,0.6897861111111112
SG_003154,0.6588083333333334
SG_003158,0.8939638888888888
SG_003160,0.16200833333333334
SG_003164,0.9306694444444444
SG_003168,0.13519444444444445
SG_003169,0.03584166666666667
SG_003174,0.07581666666666666
SG_003179,0.9149833333333334
SG_003184,0.4599555555555556
SG_003186,0.1383861111111111
SG_003193,0.6526638888888889
SG_003196,0.23148055555555552
SG_003198,0.8425583333333332
SG_003201,0.8637694444444445
SG_003204,0.9044472222222222
SG_003205,0.6912666666666667
SG_003206,0.14773333333333336
SG_003211,0.7709388888888888
SG_003214,0.5525194444444445
SG_003215,0.24227500000000002
SG_003216,0.531
SG_003217,0.3776138888888889
SG_003219,0.3529305555555555
SG_003226,0.6405388888888889
SG_003227,0.772988888888889
SG_003230,0.7394416666666666
SG_003231,0.5037111111111111
SG_003232,0.09079999999999999
SG_003234,0.37392777777777775
SG_003239,0.4066361111111111
SG_003241,0.07586944444444445
SG_003243,0.31430277777777776
SG_003250,0.30344999999999994
SG_003253,0.5777388888888889
SG_003256,0.33390277777777777
SG_003259,0.2881888888888889
SG_003266,0.9590611111111111
SG_003272,0.7339472222222222
SG_003273,0.36551388888888886
SG_003281,0.24456666666666668
SG_003284,0.5557444444444445
SG_003288,0.010622222222222222
SG_003293,0.18751388888888887
SG_003294,0.6420722222222223
SG_003295,0.6480527777777778
SG_003296,0.1835333333333333
SG_003301,0.6519194444444444
SG_003304,0.4117833333333333
SG_003305,0.8983472222222222
SG_003307,0.6465777777777778
SG_003310,0.6528861111111111
SG_003314,0.7349666666666665
SG_003321,0.14514722222222223
SG_003325,0.3197527777777777
SG_003328,0.8284972222222222
SG_003331,0.7886000000000001
SG_003332,0.7926888888888889
SG_003333,0.8279638888888888
SG_003340,0.8054472222222222
SG_003341,0.9067972222222221
SG_003342,0.7104277777777778
SG_003349,0.5392972222222222
SG_003355,0.33085833333333337
SG_003357,0.9809472222222222
SG_003361,0.1568138888888889
SG_003370,0.963725
SG_003371,0.8112055555555556
SG_003373,0.7612833333333333
SG_003374,0.9569944444444445
SG_003379,0.19848333333333334
SG_003388,0.06123888888888889
SG_003389,0.8376416666666667
SG_003390,0.06426944444444445
SG_003391,0.7901555555555556
SG_003392,0.25143333333333334
SG_003393,0.9419472222222223
SG_003397,0.0449861111111111
SG_003398,0.1970138888888889
SG_003399,0.38206111111111113
SG_003402,0.672588888888889
SG_003404,0.5040916666666666
SG_003407,0.014977777777777777
SG_003408,0.6756361111111111
SG_003422,0.03797777777777778
SG_003426,0.38911944444444446
SG_003430,0.23960277777777775
SG_003434,0.027394444444444447
SG_003437,0.6522388888888889
SG_003439,0.24915277777777775
SG_003440,0.5625527777777778
SG_003441,0.015475
SG_003444,0.6365527777777777
SG_003447,0.7254944444444446
SG_003452,0.05375555555555555
SG_003453,0.9914722222222222
SG_003464,0.7414416666666666
SG_003469,0.17264166666666664
SG_003475,0.7052166666666667
SG_003477,0.9102444444444444
SG_003479,0.3962027777777778
SG_003480,0.5797694444444444
SG_003482,0.9577777777777777
SG_003483,0.9641027777777778
SG_003485,0.16694722222222222
SG_003486,0.8466083333333333
SG_003489,0.0008861111111111111
SG_003491,0.06815
SG_003492,0.1834611111111111
SG_003493,0.4270388888888889
SG_003501,0.7665472222222222
SG_003505,0.739861111111111
SG_003509,0.04685555555555555
SG_003517,0.5165388888888889
SG_003521,0.48285555555555554
SG_003526,0.16830555555555554
SG_003528,0.25805
SG_003532,0.32536944444444443
SG_003535,0.07395555555555555
SG_003538,0.6886194444444446
SG_003541,0.05379444444444444
SG_003545,0.1767277777777778
SG_003548,0.1930777777777778
SG_003549,0.5118111111111111
SG_003554,0.026958333333333334
SG_003557,0.9538166666666666
SG_003566,0.5162805555555555
SG_003568,0.01879166666666667
SG_003572,0.7603277777777777
SG_003575,0.7043583333333333
SG_003578,0.18160277777777775
SG_003584,0.648225
SG_003585,0.6923111111111111
SG_003588,0.6643194444444445
SG_003589,0.340275
SG_003594,0.5022166666666666
SG_003597,0.7072972222222221
SG_003598,0.5840972222222222
SG_003601,0.6493388888888889
SG_003603,0.8925111111111111
SG_003610,0.4485777777777778
SG_003611,0.1908166666666667
SG_003613,0.6009
SG_003618,0.18265277777777775
SG_003619,0.3392944444444444
SG_003620,0.805725
SG_003625,0.9228666666666666
SG_003627,0.31782777777777776
SG_003628,0.7388999999999999
SG_003629,0.47980277777777774
SG_003637,0.8687888888888889
SG_003648,0.05329166666666667
SG_003650,0.08384722222222221
SG_003666,0.3485916666666667
SG_003668,0.8375527777777778
SG_003670,0.7268249999999999
SG_003671,0.02637777777777778
SG_003689,0.2530083333333334
SG_003691,0.079275
SG_003699,0.9404527777777777
SG_003702,0.8621972222222223
SG_003704,0.2626944444444444
SG_003705,0.6273666666666666
SG_003706,0.8746527777777777
SG_003708,0.02525
SG_003710,0.1286138888888889
SG_003711,0.21525277777777777
SG_003714,0.2819888888888889
SG_003715,0.7058638888888888
SG_003722,0.8430111111111112
SG_003745,0.724861111111111
SG_003746,0.3411861111111111
SG_003751,0.09320277777777779
SG_003754,0.7157611111111111
SG_003757,0.8222250000000001
SG_003758,0.7411361111111111
SG_003765,0.2581555555555556
SG_003767,0.10565555555555554
SG_003768,0.16335833333333333
SG_003769,0.42080833333333334
SG_003777,0.7133694444444444
SG_003783,0.053769444444444446
SG_003786,0.2225111111111111
SG_003787,0.21495555555555557
SG_003788,0.23189166666666666
SG_003792,0.19277222222222223
SG_003795,0.4836972222222222
SG_003806,0.5501583333333333
SG_003807,0.6724194444444445
SG_003809,0.5921305555555556
SG_003810,0.23171111111111112
SG_003812,0.8381333333333334
SG_003820,0.8118166666666666
SG_003822,0.6565388888888889
SG_003829,0.7414638888888888
SG_003835,0.03939722222222222
SG_003843,0.9047527777777777
SG_003844,0.5897694444444445
SG_003851,0.10706666666666668
SG_003852,0.6112972222222223
SG_003856,0.34507499999999997
SG_003860,0.8115444444444444
SG_003863,0.18642500000000004
SG_003865,0.5806305555555556
SG_003868,0.8290722222222222
SG_003869,0.04944444444444445
SG_003874,0.3213083333333333
SG_003878,0.8726416666666668
SG_003880,0.6119777777777778
SG_003881,0.49559444444444445
SG_003886,0.25825555555555557
SG_003896,0.4496555555555556
SG_003904,0.8072194444444445
SG_003905,0.7893111111111112
SG_003906,0.2901861111111111
SG_003907,0.2537861111111111
SG_003908,0.4601166666666666
SG_003910,0.8657305555555556
SG_003917,0.3509888888888889
SG_003919,0.7708999999999999
SG_003920,0.6722055555555555
SG_003921,0.03501388888888889
SG_003922,0.9010944444444444
SG_003925,0.09248333333333335
SG_003926,0.16283333333333333
SG_003935,0.14418055555555553
SG_003937,0.2947166666666667
SG_003940,0.34744722222222224
SG_003941,0.3710111111111111
SG_003945,0.8764527777777779
SG_003951,0.9387
SG_003958,0.024841666666666668
SG_003959,0.08328055555555555
SG_003961,0.8917166666666667
SG_003966,0.4833888888888888
SG_003967,0.34331666666666666
SG_003969,0.282425
SG_003972,0.640875
SG_003977,0.6410972222222222
SG_003978,0.11216666666666666
SG_003979,0.838
SG_003988,0.24423055555555553
SG_003992,0.9423805555555554
SG_003994,0.22932222222222223
SG_003995,0.5861861111111112
SG_004001,0.5233
SG_004002,0.23109999999999997
SG_004011,0.17011666666666667
SG_004012,0.16190833333333335
SG_004016,0.9553444444444444
SG_004019,0.9050666666666666
SG_004034,0.7236888888888888
SG_004036,0.38632500000000003
SG_004041,0.9251916666666666
SG_004042,0.7457805555555556
SG_004045,0.09639166666666667
SG_004048,0.9691083333333332
SG_004049,0.018683333333333333
SG_004050,0.9189194444444444
SG_004054,0.7335361111111112
SG_004060,0.6622444444444444
SG_004063,0.1392277777777778
SG_004064,0.41434444444444446
SG_004065,0.9291499999999999
SG_004066,0.3402361111111111
SG_004071,0.09672777777777777
SG_004074,0.15545833333333334
SG_004078,0.7046888888888889
SG_004079,0.09768611111111111
SG_004080,0.36760833333333337
SG_004081,0.8155027777777777
SG_004083,0.902225
SG_004087,0.3530055555555556
SG_004089,0.2109638888888889
SG_004091,0.1257638888888889
SG_004093,0.8536027777777778
SG_004094,0.7676222222222223
SG_004100,0.2514
SG_004107,0.5929861111111112
SG_004109,0.4945305555555556
SG_004110,0.6489333333333333
SG_004111,0.4376694444444444
SG_004123,0.08977777777777778
SG_004126,0.14851944444444445
SG_004127,0.006694444444444446
SG_004129,0.5463500000000001
SG_004130,0.21430833333333332
SG_004131,0.8964388888888889
SG_004136,0.25425555555555557
SG_004140,0.4857361111111111
SG_004149,0.2644166666666667
SG_004152,0.9244305555555555
SG_004155,0.7077722222222222
SG_004157,0.09578055555555556
SG_004163,0.1373083333333333
SG_004164,0.4826666666666667
SG_004168,0.41236944444444446
SG_004170,0.5750555555555555
SG_004171,0.34566388888888894
SG_004174,0.1423361111111111
SG_004175,0.3435861111111111
SG_004178,0.3180027777777778
SG_004181,0.770775
SG_004184,0.7837583333333333
SG_004186,0.4977694444444445
SG_004187,0.7983416666666667
SG_004191,0.3874388888888889
SG_004192,0.9563583333333333
SG_004197,0.6243611111111111
SG_004201,0.8732083333333334
SG_004204,0.8655694444444445
SG_004207,0.6609499999999999
SG_004209,0.9673083333333334
SG_004214,0.8425527777777778
SG_004218,0.30896111111111113
SG_004220,0.2022027777777778
SG_004223,0.38075555555555557
SG_004224,0.3862333333333334
SG_004225,0.7649277777777778
SG_004228,0.6770555555555555
SG_004229,0.40637777777777784
SG_004230,0.3576000000000001
SG_004235,0.05808611111111111
SG_004238,0.7100805555555556
SG_004239,0.9655555555555555
SG_004244,0.716525
SG_004253,0.7726361111111111
SG_004256,0.3672777777777778
SG_004257,0.7421333333333333
SG_004258,0.18253055555555556
SG_004262,0.7787694444444445
SG_004263,0.17395833333333333
SG_004265,0.3938722222222223
SG_004268,0.09496388888888889
SG_004269,0.6256138888888889
SG_004271,0.13651388888888888
SG_004286,0.5074777777777778
SG_004289,0.16473055555555555
SG_004290,0.761788888888889
SG_004291,0.9548222222222222
SG_004297,0.5654611111111111
SG_004300,0.6279055555555555
SG_004302,0.8568333333333333
SG_004305,0.20998333333333336
SG_004306,0.5605611111111112
SG_004312,0.5800944444444445
SG_004313,0.09537777777777777
SG_004315,0.8854055555555556
SG_004320,0.2697777777777777
SG_004321,0.8574083333333334
SG_004322,0.4044277777777778
SG_004325,0.7403555555555555
SG_004326,0.7175
SG_004339,0.26300555555555555
SG_004342,0.6541166666666667
SG_004347,0.6194666666666667
SG_004348,0.9278305555555556
SG_004349,0.8518222222222223
SG_004350,0.9009055555555555
SG_004357,0.023141666666666665
SG_004358,0.5468305555555556
SG_004359,0.47112222222222216
SG_004362,0.601925
SG_004365,0.27459722222222227
SG_004368,0.897225
SG_004369,0.6901277777777778
SG_004370,0.3771694444444444
SG_004378,0.7086305555555557
SG_004379,0.6743027777777778
SG_004388,0.5997611111111111
SG_004390,0.07714444444444445
SG_004391,0.1872222222222222
SG_004401,0.1903277777777778
SG_004404,0.9974638888888888
SG_004405,0.7089500000000001
SG_004406,0.2880666666666667
SG_004408,0.4252972222222222
SG_004415,0.5834805555555556
SG_004417,0.02035
SG_004419,0.5229972222222222
SG_004420,0.9703833333333334
SG_004422,0.5335444444444445
SG_004423,0.11772777777777776
SG_004426,0.15305555555555556
SG_004427,0.2955222222222222
SG_004429,0.5623305555555556
SG_004432,0.2965
SG_004439,0.9870694444444444
SG_004445,0.5989138888888889
SG_004447,0.6879277777777778
SG_004448,0.20438055555555554
SG_004451,0.6990055555555554
SG_004457,0.6682611111111111
SG_004458,0.022880555555555557
SG_004460,0.26595277777777776
SG_004461,0.8720972222222222
SG_004462,0.01859166666666667
SG_004464,0.3744027777777778
SG_004465,0.3873722222222223
SG_004469,0.03504722222222223
SG_004474,0.4780027777777777
SG_004475,0.13226666666666667
SG_004476,0.18166666666666667
SG_004477,0.7077611111111111
SG_004480,0.9127722222222222
SG_004482,0.6493527777777778
SG_004484,0.50365
SG_004486,0.40063055555555555
SG_004494,0.9458833333333334
SG_004504,0.20928333333333335
SG_004508,0.30320555555555556
SG_004509,0.8170055555555554
SG_004511,0.5829444444444444
SG_004514,0.7478305555555556
SG_004515,0.520775
SG_004518,0.5965888888888888
SG_004521,0.04892222222222223
SG_004526,0.6925833333333333
SG_004530,0.739163888888889
SG_004534,0.7710694444444444
SG_004536,0.22960833333333336
SG_004538,0.3178472222222222
SG_004539,0.82825
SG_004541,0.5350555555555556
SG_004549,0.42321666666666663
SG_004552,0.3717694444444445
SG_004553,0.17129166666666668
SG_004556,0.24979444444444443
SG_004559,0.15316944444444447
SG_004562,0.22846111111111114
SG_004565,0.25983333333333336
SG_004568,0.39497222222222217
SG_004576,0.25462222222222225
SG_004577,0.5317472222222221
SG_004593,0.9136861111111111
SG_004594,0.6693944444444445
SG_004600,0.8551361111111111
SG_004602,0.9530722222222222
SG_004608,0.32865277777777774
SG_004609,0.7111166666666666
SG_004612,0.13379444444444444
SG_004614,0.08069722222222223
SG_004617,0.5718194444444445
SG_004620,0.10393611111111112
SG_004623,0.5273277777777777
SG_004626,0.9261333333333334
SG_004631,0.7710111111111111
SG_004632,0.20880555555555558
SG_004633,0.4618083333333333
SG_004635,0.5268611111111111
SG_004637,0.6020055555555555
SG_004638,0.5830444444444444
SG_004641,0.8614722222222222
SG_004645,0.5032055555555556
SG_004652,0.26564722222222226
SG_004653,0.5353972222222222
SG_004655,0.9303166666666666
SG_004656,0.43124166666666663
SG_004658,0.2996111111111111
SG_004659,0.17276666666666665
SG_004662,0.41609722222222223
SG_004664,0.20925555555555556
SG_004668,0.34883333333333333
SG_004669,0.2864277777777778
SG_004672,0.930961111111111
SG_004676,0.6811527777777778
SG_004682,0.2205222222222222
SG_004685,0.8530555555555555
SG_004689,0.27721111111111113
SG_004695,0.5654138888888889
SG_004697,0.28600833333333336
SG_004700,0.6695722222222222
SG_004701,0.9461361111111111
SG_004709,0.5381083333333333
SG_004710,0.08448888888888888
SG_004712,0.14400833333333332
SG_004716,0.5618305555555555
SG_004720,0.03498888888888889
SG_004721,0.12542499999999998
SG_004723,0.4469861111111111
SG_004731,0.7113944444444444
SG_004736,0.7556166666666666
SG_004737,0.785025
SG_004738,0.4381527777777778
SG_004739,0.7965111111111111
SG_004742,0.48927777777777776
SG_004751,0.9201888888888888
SG_004753,0.016024999999999998
SG_004755,0.6915777777777778
SG_004757,0.296975
SG_004760,0.35166388888888883
SG_004761,0.13805277777777777
SG_004762,0.16275833333333334
SG_004763,0.6872222222222223
SG_004764,0.7162638888888888
SG_004766,0.6499944444444443
SG_004769,0.28949722222222224
SG_004772,0.14359166666666665
SG_004773,0.5227916666666667
SG_004782,0.24234166666666665
SG_004784,0.7585083333333333
SG_004786,0.9095166666666665
SG_004787,0.5339305555555555
SG_004789,0.021336111111111108
SG_004797,0.28613055555555555
SG_004798,0.36388333333333334
SG_004799,0.9154888888888889
SG_004801,0.9063722222222222
SG_004804,0.8941222222222223
SG_004813,0.4907388888888889
SG_004816,0.9695333333333334
SG_004817,0.08686111111111111
SG_004818,0.6646777777777778
SG_004821,0.3604583333333333
SG_004827,0.5471055555555556
SG_004828,0.2953416666666667
SG_004829,0.5265111111111112
SG_004830,0.9668694444444446
SG_004831,0.7624222222222223
SG_004836,0.33350833333333335
SG_004840,0.2257888888888889
SG_004842,0.2534388888888889
SG_004844,0.17131388888888888
SG_004846,0.81205
SG_004853,0.22423333333333334
SG_004855,0.8189083333333335
SG_004856,0.15956111111111113
SG_004866,0.23403333333333334
SG_004867,0.013541666666666667
SG_004868,0.9747361111111111
SG_004873,0.6966777777777777
SG_004877,0.3222138888888889
SG_004881,0.24455833333333332
SG_004882,0.6536861111111111
SG_004887,0.7068333333333333
SG_004898,0.9636444444444444
SG_004900,0.5486944444444445
SG_004906,0.9590722222222222
SG_004907,0.3797861111111111
SG_004912,0.7321555555555556
SG_004913,0.3804555555555556
SG_004919,0.22791388888888886
SG_004922,0.5345472222222223
SG_004923,0.5902361111111111
SG_004925,0.6056611111111111
SG_004927,0.2712777777777778
SG_004929,0.9105527777777778
SG_004930,0.7687194444444444
SG_004939,0.7241583333333333
SG_004942,0.057588888888888884
SG_004944,0.2818916666666667
SG_004945,0.17377222222222224
SG_004959,0.6470888888888889
SG_004960,0.7946888888888889
SG_004964,0.13605833333333334
SG_004968,0.9617861111111112
SG_004969,0.4620916666666667
SG_004973,0.9330611111111111
SG_004975,0.756
SG_004981,0.5468972222222223
SG_004985,0.9082527777777777
SG_004988,0.7268555555555556
SG_004990,0.38419722222222225
SG_004993,0.29455000000000003
SG_004997,0.02573888888888889
SG_005000,0.23110277777777777
SG_005002,0.8978361111111111
SG_005004,0.9341416666666668
SG_005011,0.5266
SG_005013,0.14029166666666668
SG_005018,0.32545277777777776
SG_005019,0.2291361111111111
SG_005020,0.124
SG_005022,0.12276944444444444
SG_005027,0.4831944444444444
SG_005029,0.03634166666666667
SG_005030,0.17041666666666666
SG_005031,0.31710555555555553
SG_005033,0.02671666666666667
SG_005037,0.12178611111111112
SG_005041,0.068025
SG_005048,0.5125305555555556
SG_005049,0.3499638888888889
SG_005052,0.42680833333333335
SG_005057,0.6056222222222223
SG_005058,0.4746694444444444
SG_005062,0.9447472222222223
SG_005080,0.3100361111111111
SG_005085,0.1337972222222222
SG_005086,0.8000277777777777
SG_005089,0.8510749999999999
SG_005090,0.05741944444444444
SG_005091,0.978586111111111
SG_005094,0.7433555555555555
SG_005097,0.8343194444444444
SG_005098,0.42101666666666665
SG_005100,0.8933444444444444
SG_005101,0.8041888888888888
SG_005102,0.9438138888888888
SG_005108,0.9378666666666666
SG_005110,0.9036305555555555
SG_005114,0.6919166666666666
SG_005120,0.4798861111111111
SG_005122,0.3530055555555556
SG_005123,0.39040555555555556
SG_005126,0.6766416666666666
SG_005131,0.05716944444444444
SG_005132,0.025805555555555557
SG_005134,0.23769722222222223
SG_005137,0.11908888888888888
SG_005140,0.41050555555555557
SG_005141,0.5672583333333333
SG_005142,0.5906027777777778
SG_005143,0.11377222222222222
SG_005148,0.696525
SG_005161,0.7306777777777778
SG_005168,0.7926888888888889
SG_005170,0.11228611111111111
SG_005171,0.6051694444444444
SG_005174,0.34618333333333334
SG_005175,0.3730555555555556
SG_005178,0.7294333333333334
SG_005179,0.03814166666666667
SG_005188,0.9252722222222222
SG_005190,0.7650388888888889
SG_005191,0.11715555555555554
SG_005194,0.8736666666666667
SG_005196,0.23300555555555555
SG_005199,0.301275
SG_005200,0.12232222222222223
SG_005203,0.3529194444444444
SG_005205,0.6584111111111112
SG_005213,0.10809444444444444
SG_005214,0.7438611111111112
SG_005216,0.9321333333333334
SG_005220,0.4998666666666666
SG_005224,0.16120833333333334
SG_005228,0.6979472222222223
SG_005233,0.310525
SG_005235,0.5322527777777777
SG_005240,0.020802777777777778
SG_005241,0.5355944444444445
SG_005246,0.7871416666666667
SG_005247,0.4247055555555556
SG_005248,0.5680277777777778
SG_005250,0.602211111111111
SG_005251,0.4617583333333334
SG_005253,0.06681388888888888
SG_005255,0.28541666666666665
SG_005264,0.8226361111111111
SG_005268,0.0068
SG_005270,0.47224722222222226
SG_005277,0.8972611111111111
SG_005282,0.09123888888888888
SG_005283,0.6848138888888888
SG_005284,0.4130916666666667
SG_005287,0.8605222222222222
SG_005289,0.6128805555555557
SG_005291,0.615175
SG_005292,0.15095555555555557
SG_005296,0.038952777777777774
SG_005302,0.4367472222222223
SG_005305,0.7396166666666666
SG_005311,0.4595222222222222
SG_005312,0.292625
SG_005313,0.3726777777777778
SG_005316,0.24612777777777778
SG_005320,0.6302333333333333
SG_005321,0.6324638888888889
SG_005322,0.8818805555555554
SG_005323,0.8464222222222222
SG_005325,0.4185222222222222
SG_005328,0.5800805555555556
SG_005329,0.6622777777777779
SG_005332,0.6425333333333333
SG_005333,0.8888027777777777
SG_005335,0.1828972222222222
SG_005340,0.6754666666666667
SG_005341,0.2637611111111111
SG_005346,0.5854694444444445
SG_005350,0.9973583333333332
SG_005351,0.11428055555555557
SG_005353,0.027536111111111112
SG_005356,0.10435555555555555
SG_005360,0.7354305555555557
SG_005362,0.48478055555555555
SG_005363,0.06375277777777777
SG_005365,0.6447944444444444
SG_005371,0.20061666666666667
SG_005372,0.4093333333333333
SG_005376,0.7955194444444444
SG_005378,0.6814416666666667
SG_005379,0.041230555555555555
SG_005380,0.9691972222222223
SG_005384,0.9133916666666667
SG_005386,0.5295944444444445
SG_005387,0.9125194444444444
SG_005397,0.8290555555555557
SG_005401,0.868575
SG_005408,0.8614888888888889
SG_005412,0.4616527777777778
SG_005414,0.9371166666666668
SG_005421,0.6590833333333334
SG_005424,0.10160000000000001
SG_005428,0.6734583333333334
SG_005432,0.5631944444444444
SG_005439,0.975211111111111
SG_005444,0.2417527777777778
SG_005445,0.7767444444444446
SG_005446,0.5659277777777778
SG_005447,0.95535
SG_005449,0.39326944444444445
SG_005450,0.7306750000000001
SG_005451,0.42825277777777776
SG_005452,0.3165111111111111
SG_005456,0.49339166666666673
SG_005457,0.12829166666666666
SG_005459,0.0013083333333333332
SG_005460,0.33497499999999997
SG_005465,0.8724777777777778
SG_005466,0.8025944444444444
SG_005470,0.8906166666666666
SG_005473,0.7358500000000001
SG_005477,0.6583472222222222
SG_005486,0.1973138888888889
SG_005489,0.45274444444444445
SG_005491,0.8228055555555557
SG_005496,0.2806444444444445
SG_005497,0.770125
SG_005499,0.6651444444444444
SG_005503,0.383725
SG_005504,0.1149888888888889
SG_005506,0.4753583333333333
SG_005510,0.2286583333333333
SG_005511,0.9925138888888888
SG_005515,0.28646111111111117
SG_005518,0.7929444444444445
SG_005519,0.8976444444444445
SG_005524,0.9417
SG_005529,0.6226361111111111
SG_005530,0.542875
SG_005531,0.4332833333333333
SG_005532,0.0732361111111111
SG_005534,0.5995972222222222
SG_005535,0.8291194444444444
SG_005541,0.6123805555555556
SG_005542,0.3724555555555556
SG_005550,0.09681111111111111
SG_005555,0.29357777777777777
SG_005557,0.23312222222222223
SG_005565,0.48115
SG_005569,0.48318611111111115
SG_005572,0.16241944444444445
SG_005575,0.12595
SG_005579,0.9955222222222222
SG_005580,0.4966833333333333
SG_005583,0.11089722222222222
SG_005591,0.8303444444444444
SG_005592,0.3055805555555556
SG_005593,0.5868888888888888
SG_005594,0.28579444444444446
SG_005599,0.7255833333333334
SG_005603,0.9227722222222222
SG_005606,0.34639444444444445
SG_005611,0.4658805555555556
SG_005615,0.9144222222222221
SG_005622,0.627175
SG_005625,0.6592333333333333
SG_005630,0.6442611111111111
SG_005634,0.47332222222222226
SG_005635,0.6299638888888889
SG_005636,0.9739027777777777
SG_005638,0.5939555555555556
SG_005640,0.3058916666666667
SG_005643,0.15268055555555557
SG_005644,0.21363333333333331
SG_005645,0.7353083333333333
SG_005650,0.7391416666666667
SG_005654,0.9623
SG_005655,0.04361388888888889
SG_005656,0.6514166666666666
SG_005661,0.9926750000000001
SG_005664,0.16000555555555554
SG_005666,0.5907694444444445
SG_005671,0.3000388888888889
SG_005681,0.5185333333333333
SG_005683,0.8321388888888889
SG_005687,0.4467305555555555
SG_005688,0.6012555555555555
SG_005691,0.6218111111111111
SG_005692,0.6998194444444443
SG_005693,0.6707138888888888
SG_005694,0.9220611111111111
SG_005696,0.48923055555555556
SG_005703,0.43608888888888886
SG_005704,0.5707972222222222
SG_005706,0.8648416666666667
SG_005707,0.842913888888889
SG_005713,0.27715
SG_005715,0.3939333333333333
SG_005719,0.4141444444444445
SG_005722,0.006013888888888888
SG_005724,0.6903305555555556
SG_005725,0.319025
SG_005726,0.07322222222222222
SG_005730,0.891911111111111
SG_005735,0.5093555555555556
SG_005736,0.7815638888888888
SG_005740,0.5644333333333333
SG_005748,0.7831750000000001
SG_005750,0.37353333333333333
SG_005753,0.820863888888889
SG_005758,0.08105555555555555
SG_005759,0.12526666666666667
SG_005764,0.07806388888888889
SG_005765,0.16805277777777777
SG_005772,0.7099333333333334
SG_005773,0.09358888888888889
SG_005776,0.4010111111111111
SG_005778,0.6824777777777778
SG_005784,0.28289166666666665
SG_005786,0.13292777777777776
SG_005789,0.4188833333333334
SG_005794,0.4528166666666666
SG_005796,0.3742861111111111
SG_005801,0.4401361111111111
SG_005807,0.01661388888888889
SG_005809,0.32602499999999995
SG_005811,0.44812777777777774
SG_005813,0.11006388888888889
SG_005814,0.7445833333333334
SG_005817,0.07828333333333333
SG_005818,0.65885
SG_005820,0.04785833333333333
SG_005821,0.36844722222222226
SG_005824,0.16009444444444443
SG_005825,0.2859888888888889
SG_005827,0.2905583333333333
SG_005828,0.8913361111111111
SG_005830,0.22674722222222218
SG_005838,0.9869555555555556
SG_005840,0.9442361111111112
SG_005842,0.6919833333333333
SG_005846,0.19318333333333332
SG_005847,0.04456388888888889
SG_005848,0.7530249999999999
SG_005857,0.9784861111111112
SG_005861,0.1141361111111111
SG_005862,0.5003083333333334
SG_005871,0.4386611111111111
SG_005872,0.9624055555555555
SG_005873,0.15751388888888887
SG_005874,0.3197277777777778
SG_005875,0.7568444444444444
SG_005877,0.3669083333333333
SG_005880,0.07140555555555556
SG_005884,0.42059444444444444
SG_005892,0.9389777777777778
SG_005894,0.328325
SG_005898,0.7047083333333334
SG_005899,0.50395
SG_005905,0.694052777777778
SG_005909,0.10809166666666666
SG_005910,0.5960444444444444
SG_005920,0.5043194444444444
SG_005921,0.9513944444444444
SG_005922,0.3337861111111111
SG_005925,0.7262944444444444
SG_005928,0.6423249999999999
SG_005932,0.06675833333333332
SG_005934,0.8743194444444445
SG_005935,0.2653388888888889
SG_005937,0.4361333333333334
SG_005939,0.2755777777777778
SG_005943,0.57855
SG_005951,0.10161111111111112
SG_005955,0.7813444444444444
SG_005959,0.9716194444444444
SG_005966,0.5554666666666667
SG_005967,0.9207416666666667
SG_005969,0.8570111111111111
SG_005976,0.9734249999999999
SG_005977,0.5821027777777777
SG_005979,0.7533722222222222
SG_005980,0.26594999999999996
SG_005985,0.7936388888888889
SG_005986,0.8945916666666666
SG_005991,0.989361111111111
SG_005999,0.24574166666666664
SG_006000,0.47905277777777777
SG_006004,0.9287916666666667
SG_006009,0.820275
SG_006012,0.25527500000000003
SG_006013,0.4269222222222222
SG_006022,0.5807527777777778
SG_006023,0.7088
SG_006026,0.3338888888888889
SG_006028,0.6645249999999999
SG_006029,0.4634944444444444
SG_006033,0.6731027777777778
SG_006035,0.10411944444444445
SG_006036,0.40179166666666666
SG_006038,0.6441277777777777
SG_006039,0.9113527777777778
SG_006041,0.198675
SG_006047,0.38740555555555556
SG_006049,0.501263888888889
SG_006050,0.7814555555555556
SG_006054,0.023505555555555554
SG_006063,0.47135000000000005
SG_006067,0.9602166666666665
SG_006069,0.9583555555555555
SG_006073,0.11410277777777778
SG_006074,0.16970000000000002
SG_006075,0.09383333333333334
SG_006076,0.5834916666666666
SG_006077,0.8557777777777779
SG_006079,0.8546861111111111
SG_006081,0.1508833333333333
SG_006086,0.17596944444444443
SG_006092,0.373225
SG_006095,0.5417722222222222
SG_006097,0.6693944444444445
SG_006099,0.9490527777777777
SG_006101,0.46472222222222215
SG_006112,0.7927805555555556
SG_006122,0.517163888888889
SG_006127,0.7989333333333334
SG_006131,0.15191666666666667
SG_006133,0.4219277777777778
SG_006136,0.5060666666666667
SG_006137,0.5792416666666667
SG_006140,0.6888527777777778
SG_006143,0.3194527777777778
SG_006148,0.07452777777777778
SG_006150,0.7628166666666666
SG_006151,0.7800888888888888
SG_006154,0.03593333333333333
SG_006161,0.34469444444444447
SG_006163,0.6867611111111112
SG_006169,0.6015833333333334
SG_006170,0.3149666666666667
SG_006179,0.4766361111111111
SG_006181,0.3229777777777778
SG_006184,0.11179444444444445
SG_006187,0.0675111111111111
SG_006189,0.6951527777777778
SG_006197,0.06188333333333333
SG_006202,0.2268166666666667
SG_006206,0.2859527777777778
SG_006212,0.726586111111111
SG_006213,0.5823805555555557
SG_006218,0.3558
SG_006222,0.5409777777777778
SG_006224,0.16725
SG_006225,0.9909861111111111
SG_006226,0.9464138888888889
SG_006229,0.10805833333333334
SG_006237,0.7284055555555555
SG_006238,0.03507777777777778
SG_006240,0.04852777777777778
SG_006241,0.16691666666666666
SG_006242,0.7251805555555556
SG_006244,0.5965222222222222
SG_006245,0.07737777777777778
SG_006247,0.5266972222222223
SG_006250,0.19949444444444445
SG_006251,0.4569472222222222
SG_006252,0.5933861111111111
SG_006254,0.8328833333333333
SG_006256,0.8248944444444445
SG_006260,0.6266722222222222
SG_006262,0.46823055555555554
SG_006263,0.2566833333333333
SG_006264,0.1629388888888889
SG_006266,0.9941972222222221
SG_006269,0.7674888888888889
SG_006275,0.9751611111111111
SG_006277,0.14663888888888887
SG_006283,0.34584444444444445
SG_006284,0.16720833333333332
SG_006287,0.49644999999999995
SG_006288,0.30912222222222224
SG_006300,0.5298055555555555
SG_006301,0.39688333333333337
SG_006304,0.5367083333333333
SG_006306,0.3146388888888889
SG_006313,0.676425
SG_006315,0.5127583333333333
SG_006317,0.6368333333333334
SG_006320,0.5436194444444444
SG_006322,0.9586777777777777
SG_006326,0.2533972222222222
SG_006328,0.8019222222222223
SG_006331,0.4207055555555555
SG_006337,0.7118722222222222
SG_006340,0.6137333333333332
SG_006345,0.5285
SG_006348,0.08623333333333333
SG_006349,0.11271388888888888
SG_006356,0.38971388888888886
SG_006357,0.29593611111111107
SG_006358,0.5234777777777778
SG_006360,0.808038888888889
SG_006371,0.40808333333333335
SG_006373,0.7477138888888888
SG_006380,0.5129833333333333
SG_006382,0.11709166666666668
SG_006388,0.02909166666666667
SG_006393,0.6065777777777777
SG_006394,0.11483055555555556
SG_006396,0.07582777777777777
SG_006398,0.5133888888888888
SG_006400,0.4965305555555556
SG_006403,0.08687222222222223
SG_006404,0.2300277777777778
SG_006411,0.3590333333333333
SG_006417,0.6336333333333333
SG_006418,0.8851888888888889
SG_006420,0.9073083333333334
SG_006421,0.09024444444444445
SG_006423,0.17040555555555556
SG_006424,0.5423083333333334
SG_006429,0.8175222222222222
SG_006435,0.39363055555555554
SG_006438,0.6227972222222223
SG_006439,0.7207388888888889
SG_006441,0.05813333333333333
SG_006445,0.33260555555555554
SG_006446,0.4601111111111111
SG_006448,0.6182083333333334
SG_006451,0.23166111111111112
SG_006452,0.6426333333333334
SG_006455,0.48003611111111105
SG_006463,0.7687694444444445
SG_006467,0.41518611111111114
SG_006469,0.6017388888888889
SG_006470,0.5217250000000001
SG_006477,0.44664444444444446
SG_006480,0.9192666666666667
SG_006486,0.33366666666666667
SG_006487,0.07074722222222223
SG_006488,0.7999722222222222
SG_006490,0.9171888888888888
SG_006491,0.8038944444444445
SG_006493,0.3158861111111111
SG_006494,0.4361805555555555
SG_006496,0.2243666666666667
SG_006497,0.6757555555555557
SG_006498,0.6771
SG_006500,0.7000583333333334
SG_006502,0.08899722222222223
SG_006503,0.4950444444444444
SG_006505,0.9650750000000001
SG_006506,0.7995416666666667
SG_006507,0.38584722222222223
SG_006512,0.24552777777777776
SG_006516,0.5666944444444444
SG_006520,0.15897222222222224
SG_006522,0.4838055555555556
SG_006528,0.7983972222222222
SG_006534,0.60215
SG_006535,0.7617138888888888
SG_006536,0.43031111111111114
SG_006537,0.5810833333333333
SG_006539,0.7043333333333334
SG_006541,0.33591666666666664
SG_006543,0.8564083333333333
SG_006545,0.7779666666666667
SG_006548,0.5200472222222222
SG_006550,0.06685833333333333
SG_006551,0.07593055555555556
SG_006557,0.5065611111111111
SG_006560,0.07783055555555556
SG_006564,0.9778694444444446
SG_006566,0.5332111111111111
SG_006567,0.7819583333333333
SG_006577,0.4766027777777778
SG_006579,0.21608333333333332
SG_006581,0.059569444444444446
SG_006588,0.17601666666666665
SG_006592,0.5775916666666667
SG_006597,0.013644444444444445
SG_006601,0.3761777777777778
SG_006607,0.019350000000000003
SG_006608,0.3405916666666667
SG_006610,0.08366388888888888
SG_006615,0.6880277777777778
SG_006616,0.49215277777777783
SG_006620,0.5771944444444445
SG_006622,0.3360277777777778
SG_006623,0.6514888888888889
SG_006624,0.4639361111111111
SG_006626,0.685125
SG_006627,0.980825
SG_006633,0.25927222222222224
SG_006637,0.5790527777777777
SG_006638,0.8354805555555556
SG_006639,0.63495
SG_006644,0.46425555555555553
SG_006645,0.6774722222222221
SG_006651,0.6692277777777778
SG_006659,0.21637222222222222
SG_006664,0.24955
SG_006668,0.3350472222222222
SG_006673,0.06369444444444444
SG_006687,0.6076499999999999
SG_006688,0.6800833333333334
SG_006690,0.6647805555555556
SG_006693,0.7072361111111111
SG_006698,0.03884166666666667
SG_006700,0.7227638888888889
SG_006706,0.2912694444444444
SG_006710,0.19188333333333332
SG_006713,0.24290555555555557
SG_006716,0.5657527777777778
SG_006728,0.2950277777777778
SG_006734,0.9142972222222221
SG_006736,0.855775
SG_006744,0.46167777777777774
SG_006745,0.6072722222222222
SG_006749,0.18414444444444447
SG_006758,0.24504444444444445
SG_006760,0.6906805555555555
SG_006765,0.8889555555555556
SG_006766,0.890775
SG_006769,0.56985
SG_006778,0.3749861111111112
SG_006780,0.27868055555555554
SG_006781,0.5209055555555555
SG_006786,0.6484083333333333
SG_006789,0.5731999999999999
SG_006792,0.7719222222222222
SG_006793,0.06750277777777777
SG_006800,0.7044166666666667
SG_006802,0.40576944444444446
SG_006808,0.5119416666666666
SG_006820,0.22893333333333332
SG_006833,0.41833333333333333
SG_006835,0.363575
SG_006837,0.5779055555555556
SG_006841,0.4225083333333334
SG_006847,0.3886611111111111
SG_006848,0.19404166666666667
SG_006851,0.2303861111111111
SG_006852,0.5984
SG_006860,0.24969722222222224
SG_006861,0.41883611111111113
SG_006863,0.24788888888888888
SG_006866,0.7404055555555555
SG_006868,0.6688583333333333
SG_006874,0.31935
SG_006877,0.22701944444444447
SG_006879,0.44489166666666663
SG_006880,0.3496722222222222
SG_006881,0.4865888888888889
SG_006889,0.012813888888888887
SG_006890,0.9280694444444445
SG_006897,0.9821194444444445
SG_006901,0.7481944444444444
SG_006908,0.43118888888888884
SG_006910,0.43854166666666666
SG_006914,0.8993972222222222
SG_006918,0.35639166666666666
SG_006924,0.19698333333333334
SG_006925,0.4695694444444445
SG_006927,0.2337388888888889
SG_006929,0.2236138888888889
SG_006937,0.501475
SG_006938,0.2302722222222222
SG_006940,0.474725
SG_006942,0.20659444444444444
SG_006945,0.024775000000000002
SG_006949,0.6496833333333333
SG_006950,0.9056777777777778
SG_006951,0.507425
SG_006953,0.036194444444444446
SG_006954,0.3108416666666667
SG_006956,0.845625
SG_006957,0.8477472222222222
SG_006962,0.28337222222222225
SG_006963,0.06474166666666667
SG_006964,0.026866666666666664
SG_006966,0.025183333333333332
SG_006970,0.33238333333333336
SG_006971,0.9246694444444444
SG_006972,0.5287916666666667
SG_006974,0.9759638888888889
SG_006977,0.5581666666666667
SG_006978,0.07894722222222222
SG_006981,0.8767194444444444
SG_006982,0.9980361111111112
SG_006983,0.04477777777777777
SG_006984,0.18124444444444446
SG_006987,0.6522138888888889
SG_006994,0.23275833333333337
SG_006997,0.027725
SG_007002,0.6799138888888889
SG_007005,0.7377194444444445
SG_007009,0.6164722222222222
SG_007011,0.46823333333333333
SG_007017,0.006861111111111112
SG_007018,0.0035499999999999993
SG_007019,0.35882499999999995
SG_007029,0.637975
SG_007030,0.07043611111111112
SG_007033,0.7868944444444445
SG_007040,0.2721277777777778
SG_007047,0.9409527777777777
SG_007054,0.09181111111111111
SG_007055,0.9637833333333333
SG_007056,0.6589611111111111
SG_007061,0.4375777777777778
SG_007062,0.2564
SG_007067,0.6702138888888889
SG_007068,0.5028888888888888
SG_007069,0.9426138888888889
SG_007073,0.08923333333333333
SG_007075,0.6676722222222221
SG_007076,0.2803861111111111
SG_007078,0.8254888888888889
SG_007080,0.3358083333333333
SG_007091,0.5848222222222222
SG_007095,0.7549277777777778
SG_007100,0.35066388888888883
SG_007104,0.6445777777777778
SG_007112,0.4199527777777778
SG_007114,0.6961166666666666
SG_007127,0.20106666666666667
SG_007130,0.12920277777777778
SG_007133,0.7983666666666667
SG_007136,0.26321388888888886
SG_007138,0.9050638888888889
SG_007139,0.27653055555555556
SG_007143,0.5699166666666666
SG_007146,0.34177777777777774
SG_007150,0.4058777777777777
SG_007155,0.692888888888889
SG_007157,0.3812527777777777
SG_007160,0.8029027777777779
SG_007162,0.4351694444444444
SG_007163,0.6024888888888889
SG_007166,0.8011611111111112
SG_007168,0.3178972222222222
SG_007170,0.4593388888888889
SG_007179,0.19279722222222223
SG_007181,0.14626666666666668
SG_007183,0.5032527777777778
SG_007186,0.0365
SG_007202,0.3664666666666667
SG_007203,0.7145222222222222
SG_007204,0.31769722222222224
SG_007205,0.8973861111111111
SG_007210,0.9292027777777778
SG_007212,0.6067527777777777
SG_007215,0.06465277777777777
SG_007218,0.6284027777777779
SG_007226,0.15080555555555555
SG_007229,0.6210583333333333
SG_007231,0.8498027777777778
SG_007234,0.3729166666666667
SG_007237,0.906575
SG_007239,0.0962777777777778
SG_007240,0.6854388888888888
SG_007249,0.6672111111111111
SG_007252,0.05998888888888889
SG_007255,0.28556111111111115
SG_007256,0.6348027777777777
SG_007257,0.849525
SG_007263,0.48968611111111116
SG_007264,0.31431111111111115
SG_007265,0.4948222222222222
SG_007268,0.2554138888888889
SG_007271,0.7305083333333333
SG_007275,0.5887527777777778
SG_007280,0.55835
SG_007281,0.869175
SG_007282,0.583575
SG_007283,0.10583333333333333
SG_007287,0.4071138888888889
SG_007288,0.7258861111111111
SG_007301,0.8685694444444444
SG_007307,0.35864722222222223
SG_007310,0.3757055555555555
SG_007312,0.5715166666666667
SG_007314,0.8818416666666665
SG_007319,0.2765361111111111
SG_007326,0.35261944444444443
SG_007331,0.2273166666666667
SG_007333,0.9278277777777778
SG_007334,0.749461111111111
SG_007338,0.2553305555555556
SG_007340,0.9581055555555555
SG_007345,0.049355555555555555
SG_007349,0.5101833333333334
SG_007356,0.3222777777777778
SG_007358,0.025419444444444442
SG_007368,0.27044444444444443
SG_007370,0.3395611111111111
SG_007371,0.7181138888888889
SG_007372,0.5124777777777778
SG_007375,0.25830555555555557
SG_007378,0.22420833333333334
SG_007379,0.1707388888888889
SG_007380,0.7033277777777779
SG_007383,0.06255
SG_007384,0.7177416666666668
SG_007389,0.4546722222222223
SG_007390,0.18859722222222222
SG_007401,0.9420444444444444
SG_007403,0.45223611111111106
SG_007406,0.30211944444444444
SG_007409,0.9842861111111112
SG_007410,0.9453111111111111
SG_007413,0.567863888888889
SG_007416,0.6805388888888888
SG_007419,0.6821611111111111
SG_007420,0.9011416666666667
SG_007423,0.6460888888888888
SG_007424,0.9385638888888889
SG_007428,0.7140638888888888
SG_007433,0.6126805555555555
SG_007434,0.09114722222222223
SG_007437,0.3604111111111111
SG_007441,0.6902527777777777
SG_007443,0.898775
SG_007450,0.040544444444444445
SG_007452,0.6698472222222223
SG_007455,0.25188333333333335
SG_007462,0.30133055555555555
SG_007464,0.7981138888888889
SG_007466,0.22971666666666665
SG_007469,0.2725388888888889
SG_007470,0.9813861111111111
SG_007472,0.12745
SG_007476,0.8520027777777778
SG_007486,0.974113888888889
SG_007489,0.6878472222222223
SG_007490,0.3762638888888889
SG_007495,0.9668611111111112
SG_007499,0.8493638888888889
SG_007506,0.040647222222222223
SG_007508,0.4749722222222222
SG_007509,0.11037777777777777
SG_007517,0.4621694444444444
SG_007518,0.7946388888888888
SG_007522,0.8815444444444444
SG_007524,0.7850611111111111
SG_007527,0.09556944444444444
SG_007535,0.09970000000000001
SG_007540,0.829125
SG_007546,0.45635
SG_007552,0.5857694444444445
SG_007553,0.6951999999999999
SG_007557,0.4044111111111111
SG_007558,0.8863055555555555
SG_007560,0.720011111111111
SG_007568,0.061947222222222216
SG_007571,0.7921361111111112
SG_007573,0.48364722222222223
SG_007577,0.25932777777777777
SG_007578,0.42911111111111117
SG_007579,0.00806388888888889
SG_007582,0.8254249999999999
SG_007586,0.12923055555555554
SG_007587,0.730375
SG_007589,0.46499166666666664
SG_007591,0.05250555555555555
SG_007595,0.4040916666666667
SG_007597,0.4908305555555556
SG_007599,0.25025
SG_007602,0.6336555555555555
SG_007605,0.10408611111111112
SG_007609,0.14635833333333334
SG_007614,0.6560444444444444
SG_007620,0.40848333333333336
SG_007628,0.9385361111111112
SG_007630,0.39882222222222224
SG_007646,0.6753805555555557
SG_007648,0.3172638888888889
SG_007654,0.4212194444444444
SG_007655,0.7030472222222223
SG_007656,0.999361111111111
SG_007657,0.8045388888888889
SG_007658,0.22533333333333333
SG_007659,0.7996138888888888
SG_007660,0.610825
SG_007663,0.26219166666666666
SG_007665,0.9685361111111112
SG_007667,0.24058055555555555
SG_007670,0.3743861111111111
SG_007678,0.1368472222222222
SG_007679,0.9852972222222222
SG_007681,0.09943055555555556
SG_007685,0.5226111111111111
SG_007686,0.7093944444444444
SG_007687,0.33087777777777777
SG_007688,0.3428666666666667
SG_007691,0.08212777777777777
SG_007696,0.46005
SG_007698,0.15766666666666668
SG_007700,0.8245055555555555
SG_007703,0.19597777777777775
SG_007704,0.4859305555555556
SG_007706,0.6404777777777778
SG_007711,0.21609166666666665
SG_007712,0.6857055555555556
SG_007714,0.2036638888888889
SG_007717,0.7278111111111112
SG_007719,0.4565444444444444
SG_007720,0.2746222222222222
SG_007721,0.2967138888888889
SG_007728,0.49772222222222223
SG_007737,0.8426305555555554
SG_007741,0.3290277777777778
SG_007742,0.22972222222222222
SG_007744,0.6658722222222222
SG_007746,0.8040305555555556
SG_007748,0.3381
SG_007750,0.06815
SG_007751,0.04548888888888889
SG_007752,0.10768888888888889
SG_007758,0.9351499999999999
SG_007760,0.23286944444444446
SG_007762,0.9231055555555555
SG_007770,0.26448055555555555
SG_007772,0.6025444444444444
SG_007776,0.09056666666666666
SG_007780,0.7569416666666666
SG_007781,0.28703333333333336
SG_007782,0.1901138888888889
SG_007787,0.7354944444444446
SG_007800,0.7716611111111112
SG_007801,0.6783055555555556
SG_007804,0.09067499999999999
SG_007805,0.8309722222222222
SG_007807,0.5186305555555556
SG_007808,0.9914027777777776
SG_007813,0.5103444444444445
SG_007815,0.013313888888888887
SG_007817,0.5724444444444444
SG_007818,0.6473277777777778
SG_007820,0.4411694444444445
SG_007822,0.3848944444444445
SG_007823,0.5513083333333333
SG_007824,0.22440555555555555
SG_007834,0.38748055555555555
SG_007836,0.13540000000000002
SG_007839,0.11410833333333333
SG_007842,0.0011027777777777776
SG_007844,0.47341388888888886
SG_007846,0.22394722222222224
SG_007849,0.2594111111111111
SG_007858,0.54605
SG_007864,0.9003444444444444
SG_007866,0.3767027777777778
SG_007875,0.8107333333333333
SG_007876,0.5318833333333334
SG_007880,0.5036972222222222
SG_007884,0.7671527777777778
SG_007889,0.7494722222222222
SG_007892,0.5638
SG_007897,0.2700777777777778
SG_007898,0.6354722222222222
SG_007899,0.33050555555555555
SG_007901,0.732163888888889
SG_007908,0.9036805555555555
SG_007910,0.5480777777777778
SG_007922,0.2993222222222222
SG_007923,0.24255
SG_007926,0.8440555555555557
SG_007931,0.8261583333333333
SG_007933,0.4563722222222223
SG_007939,0.7787000000000002
SG_007940,0.2531638888888889
SG_007946,0.21254444444444445
SG_007947,0.4789222222222223
SG_007948,0.5582666666666667
SG_007954,0.09329166666666666
SG_007957,0.11534444444444443
SG_007960,0.8711805555555556
SG_007964,0.4365361111111111
SG_007965,0.37376666666666664
SG_007980,0.9096277777777777
SG_007985,0.3716027777777778
SG_007992,0.13746666666666665
SG_007996,0.3993861111111111
SG_007998,0.2070111111111111
SG_007999,0.14719444444444443
SG_008014,0.18245
SG_008015,0.34046666666666664
SG_008020,0.5071972222222222
SG_008026,0.2821666666666667
SG_008033,0.32964166666666667
SG_008043,0.6709111111111111
SG_008050,0.42588888888888893
SG_008055,0.5646527777777778
SG_008056,0.9175555555555557
SG_008058,0.8137722222222222
SG_008067,0.30715000000000003
SG_008074,0.757425
SG_008076,0.5235388888888889
SG_008081,0.8468305555555556
SG_008091,0.06868333333333333
SG_008099,0.3214361111111111
SG_008100,0.42023611111111114
SG_008101,0.045519444444444446
SG_008104,0.7251166666666666
SG_008115,0.8798972222222222
SG_008117,0.1509777777777778
SG_008118,0.7599583333333333
SG_008127,0.5453055555555555
SG_008131,0.6241472222222222
SG_008133,0.3909222222222222
SG_008137,0.5804111111111111
SG_008140,0.6476305555555555
SG_008141,0.7960694444444445
SG_008145,0.23100277777777778
SG_008152,0.07633888888888889
SG_008156,0.8030611111111111
SG_008160,0.2966638888888889
SG_008164,0.888788888888889
SG_008167,0.6723027777777778
SG_008175,0.357175
SG_008176,0.9175861111111111
SG_008183,0.9209833333333333
SG_008188,0.614213888888889
SG_008191,0.22441388888888888
SG_008192,0.6553333333333333
SG_008193,0.10840833333333334
SG_008195,0.7790111111111111
SG_008202,0.8269666666666667
SG_008213,0.6475805555555556
SG_008217,0.9245527777777778
SG_008224,0.6163861111111111
SG_008228,0.5658083333333334
SG_008229,0.06081388888888889
SG_008237,0.1789027777777778
SG_008242,0.025119444444444444
SG_008246,0.621211111111111
SG_008248,0.2107027777777778
SG_008249,0.718538888888889
SG_008253,0.6325666666666667
SG_008257,0.7199194444444444
SG_008261,0.9016777777777778
SG_008264,0.6919527777777777
SG_008265,0.6561833333333333
SG_008281,0.49718055555555557
SG_008283,0.5130944444444444
SG_008287,0.42377777777777775
SG_008291,0.9352777777777777
SG_008293,0.5284527777777778
SG_008294,0.1385472222222222
SG_008296,0.4224777777777778
SG_008298,0.5252305555555555
SG_008309,0.7396388888888888
SG_008310,0.4590722222222222
SG_008312,0.596525
SG_008316,0.5426083333333332
SG_008317,0.013480555555555556
SG_008318,0.20019722222222222
SG_008327,0.02816388888888889
SG_008330,0.6750416666666667
SG_008333,0.012297222222222222
SG_008336,0.4415333333333333
SG_008345,0.10516388888888889
SG_008347,0.044138888888888894
SG_008355,0.8772361111111112
SG_008358,0.5708166666666666
SG_008359,0.9497972222222223
SG_008360,0.3705111111111111
SG_008361,0.1268611111111111
SG_008362,0.8125444444444444
SG_008365,0.4772944444444444
SG_008366,0.7459305555555555
SG_008375,0.39121388888888886
SG_008376,0.4932277777777778
SG_008382,0.20143888888888886
SG_008383,0.5721055555555555
SG_008388,0.7664055555555556
SG_008389,0.9371805555555555
SG_008392,0.48469999999999996
SG_008396,0.11525555555555556
SG_008402,0.24714166666666668
SG_008410,0.24261944444444444
SG_008413,0.7453583333333332
SG_008417,0.7329416666666666
SG_008420,0.9097777777777778
SG_008422,0.6936000000000001
SG_008435,0.794663888888889
SG_008440,0.019333333333333334
SG_008441,0.7491222222222222
SG_008442,0.27320833333333333
SG_008443,0.2860805555555556
SG_008444,0.1769527777777778
SG_008449,0.6543055555555555
SG_008452,0.7906888888888889
SG_008457,0.8600944444444444
SG_008459,0.7109527777777777
SG_008462,0.5883444444444444
SG_008467,0.7136277777777777
SG_008468,0.5682638888888889
SG_008478,0.14761111111111114
SG_008482,0.9567972222222222
SG_008484,0.969975
SG_008485,0.4298083333333333
SG_008494,0.6341888888888889
SG_008497,0.25168888888888885
SG_008498,0.21445833333333333
SG_008500,0.8244333333333334
SG_008501,0.7723277777777778
SG_008504,0.13362222222222223
SG_008506,0.8113416666666665
SG_008512,0.8544249999999999
SG_008514,0.980138888888889
SG_008517,0.7125083333333334
SG_008522,0.5241750000000001
SG_008527,0.29691666666666666
SG_008529,0.6619416666666667
SG_008531,0.015630555555555554
SG_008534,0.9980944444444446
SG_008535,0.5143194444444444
SG_008536,0.23697222222222225
SG_008538,0.6484305555555555
SG_008541,0.10381944444444444
SG_008542,0.4595888888888889
SG_008545,0.9502250000000001
SG_008547,0.4281694444444444
SG_008549,0.885
SG_008550,0.41737777777777774
SG_008551,0.3423972222222222
SG_008553,0.3612916666666667
SG_008555,0.406975
SG_008557,0.7521138888888889
SG_008561,0.07803611111111111
SG_008564,0.31356388888888886
SG_008565,0.9348416666666666
SG_008568,0.4404222222222222
SG_008569,0.29179444444444447
SG_008570,0.5271833333333333
SG_008572,0.30728888888888894
SG_008574,0.7115944444444444
SG_008575,0.7913833333333333
SG_008576,0.004138888888888889
SG_008577,0.7939472222222222
SG_008580,0.5102749999999999
SG_008586,0.34708333333333335
SG_008594,0.8044888888888889
SG_008598,0.11781666666666667
SG_008600,0.8755222222222222
SG_008614,0.4256055555555555
SG_008615,0.8664722222222223
SG_008617,0.19693333333333332
SG_008624,0.6456527777777777
SG_008630,0.68545
SG_008635,0.17633055555555555
SG_008636,0.2723833333333333
SG_008639,0.9177638888888888
SG_008645,0.2650111111111111
SG_008646,0.17309166666666667
SG_008650,0.8204805555555555
SG_008653,0.9566777777777777
SG_008669,0.9264361111111111
SG_008671,0.7137694444444445
SG_008689,0.80205
SG_008691,0.8044277777777777
SG_008693,0.8036472222222222
SG_008708,0.5007277777777778
SG_008714,0.6923388888888888
SG_008726,0.4714583333333333
SG_008727,0.9662555555555554
SG_008729,0.12085
SG_008734,0.8671194444444446
SG_008735,0.5903805555555556
SG_008737,0.9612611111111111
SG_008739,0.029186111111111114
SG_008745,0.9748055555555557
SG_008749,0.09088055555555555
SG_008755,0.5156444444444445
SG_008759,0.5832111111111111
SG_008766,0.41599166666666665
SG_008769,0.4193361111111111
SG_008770,0.49936944444444437
SG_008771,0.1322
SG_008773,0.8149361111111111
SG_008774,0.813338888888889
SG_008776,0.06914444444444444
SG_008777,0.7064638888888888
SG_008780,0.5411722222222223
SG_008782,0.5864083333333333
SG_008784,0.45627499999999993
SG_008785,0.44905
SG_008787,0.21678055555555556
SG_008789,0.6442583333333334
SG_008793,0.5319666666666667
SG_008798,0.2229777777777778
SG_008810,0.7292777777777778
SG_008816,0.8829250000000001
SG_008823,0.8457027777777777
SG_008824,0.08093055555555555
SG_008825,0.8026305555555555
SG_008828,0.7063138888888889
SG_008836,0.08253333333333333
SG_008839,0.6045027777777777
SG_008840,0.006686111111111111
SG_008841,0.25830277777777777
SG_008843,0.7110916666666667
SG_008844,0.7607250000000001
SG_008845,0.7437055555555556
SG_008849,0.5124444444444445
SG_008850,0.5164055555555556
SG_008853,0.9033111111111112
SG_008855,0.4067805555555556
SG_008859,0.684125
SG_008862,0.27773333333333333
SG_008864,0.3609833333333333
SG_008865,0.1319
SG_008866,0.013408333333333331
SG_008867,0.9941611111111112
SG_008869,0.8523944444444445
SG_008876,0.6319638888888889
SG_008881,0.48901666666666666
SG_008883,0.1773138888888889
SG_008888,0.09427777777777777
SG_008889,0.9361972222222222
SG_008895,0.6655027777777778
SG_008897,0.36699444444444446
SG_008901,0.15401666666666666
SG_008905,0.026472222222222223
SG_008907,0.06790833333333333
SG_008908,0.04635
SG_008910,0.2511805555555555
SG_008913,0.7331361111111111
SG_008914,0.42740277777777774
SG_008917,0.37577222222222223
SG_008919,0.2337388888888889
SG_008920,0.8363361111111111
SG_008925,0.6850111111111111
SG_008926,0.46565555555555554
SG_008927,0.07784722222222223
SG_008930,0.7222611111111111
SG_008932,0.28768611111111114
SG_008934,0.8730194444444445
SG_008937,0.12566388888888888
SG_008940,0.268525
SG_008943,0.5140833333333333
SG_008947,0.14784166666666665
SG_008955,0.5026027777777777
SG_008960,0.8907916666666666
SG_008962,0.019730555555555553
SG_008964,0.3507833333333333
SG_008965,0.017041666666666667
SG_008966,0.13118055555555555
SG_008971,0.32881666666666665
SG_008972,0.04518333333333334
SG_008976,0.7643583333333333
SG_008978,0.21034166666666665
SG_008983,0.2728666666666667
SG_008989,0.9924222222222221
SG_008990,0.2104333333333333
SG_008994,0.7561083333333333
SG_008996,0.7573805555555555
SG_008998,0.12774722222222223
SG_008999,0.16695277777777778
SG_009001,0.9361555555555555
SG_009005,0.4555861111111111
SG_009006,0.32240277777777776
SG_009011,0.6085472222222222
SG_009017,0.4687722222222222
SG_009018,0.2640555555555556
SG_009032,0.33818333333333334
SG_009034,0.3530666666666667
SG_009043,0.8735194444444445
SG_009047,0.2456833333333333
SG_009048,0.33596111111111104
SG_009053,0.059241666666666665
SG_009055,0.46939999999999993
SG_009058,0.14800833333333333
SG_009063,0.8492722222222222
SG_009064,0.8781972222222222
SG_009065,0.7695916666666667
SG_009069,0.3735583333333333
SG_009070,0.25836944444444443
SG_009072,0.3935944444444444
SG_009075,0.5444777777777778
SG_009079,0.4739527777777778
SG_009080,0.8504555555555556
SG_009081,0.3731361111111111
SG_009083,0.3125777777777778
SG_009085,0.17234722222222223
SG_009091,0.8225750000000002
SG_009093,0.20973333333333335
SG_009100,0.05403611111111112
SG_009109,0.6725805555555555
SG_009115,0.5614388888888888
SG_009119,0.5055888888888889
SG_009120,0.7554277777777778
SG_009123,0.5479277777777778
SG_009124,0.3507138888888889
SG_009127,0.18418055555555557
SG_009128,0.20331666666666667
SG_009135,0.8816194444444444
SG_009136,0.9371472222222222
SG_009139,0.5916333333333333
SG_009146,0.98325
SG_009147,0.8870166666666667
SG_009149,0.03796666666666667
SG_009150,0.7516222222222223
SG_009152,0.9388583333333332
SG_009153,0.6068694444444444
SG_009159,0.7046000000000001
SG_009168,0.7687833333333333
SG_009169,0.8990194444444445
SG_009170,0.12066944444444444
SG_009172,0.04343888888888889
SG_009176,0.2139611111111111
SG_009179,0.7539777777777777
SG_009183,0.6225333333333334
SG_009193,0.7875833333333333
SG_009196,0.49988055555555555
SG_009199,0.23375555555555555
SG_009202,0.7675083333333333
SG_009203,0.13241944444444445
SG_009204,0.18249166666666666
SG_009206,0.07226388888888889
SG_009207,0.9252527777777777
SG_009209,0.2911583333333333
SG_009210,0.7094888888888887
SG_009214,0.6548
SG_009220,0.5129916666666666
SG_009223,0.3232333333333334
SG_009224,0.38850555555555555
SG_009225,0.14978055555555556
SG_009226,0.9990750000000002
SG_009229,0.18587777777777778
SG_009230,0.6306944444444444
SG_009236,0.7497555555555555
SG_009242,0.19485555555555553
SG_009246,0.9501416666666668
SG_009250,0.5203666666666668
SG_009253,0.9578055555555555
SG_009266,0.820986111111111
SG_009268,0.7382166666666665
SG_009272,0.8127611111111112
SG_009273,0.17686666666666667
SG_009274,0.6881833333333334
SG_009277,0.7420305555555554
SG_009278,0.6862222222222223
SG_009279,0.3536611111111111
SG_009280,0.4685583333333334
SG_009281,0.4399555555555556
SG_009289,0.82365
SG_009290,0.9263972222222222
SG_009299,0.0903861111111111
SG_009300,0.38608055555555554
SG_009305,0.1124138888888889
SG_009307,0.7410694444444444
SG_009319,0.08990555555555557
SG_009328,0.07844999999999999
SG_009333,0.23688888888888893
SG_009335,0.33451111111111115
SG_009341,0.5231
SG_009347,0.32621111111111106
SG_009354,0.7481777777777777
SG_009355,0.9789777777777778
SG_009357,0.5634555555555556
SG_009362,0.8441638888888889
SG_009363,0.9196805555555555
SG_009365,0.33224722222222225
SG_009366,0.9404444444444443
SG_009367,0.5461499999999999
SG_009370,0.8011083333333334
SG_009386,0.4136805555555555
SG_009392,0.19601944444444447
SG_009398,0.1640888888888889
SG_009400,0.21633611111111112
SG_009402,0.7631027777777778
SG_009403,0.4370472222222222
SG_009404,0.2432277777777778
SG_009406,0.572325
SG_009407,0.7910583333333332
SG_009408,0.017747222222222223
SG_009409,0.05131388888888889
SG_009410,0.9823527777777779
SG_009411,0.7795166666666667
SG_009412,0.04741111111111112
SG_009413,0.05823611111111111
SG_009415,0.4839888888888889
SG_009417,0.7274361111111112
SG_009419,0.29123333333333334
SG_009425,0.6812361111111112
SG_009426,0.5659638888888889
SG_009427,0.49116388888888896
SG_009429,0.011983333333333332
SG_009434,0.6250194444444445
SG_009438,0.2998
SG_009441,0.3168361111111111
SG_009442,0.3322083333333333
SG_009444,0.6418333333333334
SG_009445,0.7215555555555555
SG_009446,0.0982611111111111
SG_009447,0.42769722222222223
SG_009449,0.4156583333333333
SG_009455,0.48974722222222217
SG_009458,0.6745277777777777
SG_009461,0.9699
SG_009462,0.9478777777777777
SG_009466,0.5096138888888889
SG_009473,0.20828055555555555
SG_009478,0.5550333333333334
SG_009479,0.6622611111111111
SG_009481,0.5966444444444444
SG_009485,0.08225833333333332
SG_009490,0.8567250000000001
SG_009496,0.47935
SG_009500,0.19345277777777778
SG_009502,0.9754361111111112
SG_009504,0.7963861111111111
SG_009505,0.2983611111111111
SG_009516,0.20287222222222218
SG_009518,0.8716416666666668
SG_009519,0.6869416666666668
SG_009528,0.3822166666666667
SG_009529,0.6292277777777778
SG_009530,0.17315555555555556
SG_009533,0.7609638888888888
SG_009537,0.06831666666666666
SG_009539,0.09099166666666668
SG_009540,0.21620277777777777
SG_009541,0.601375
SG_009544,0.1414361111111111
SG_009556,0.3386111111111111
SG_009558,0.6459305555555555
SG_009566,0.21796944444444444
SG_009567,0.4206611111111111
SG_009569,0.17515000000000003
SG_009573,0.4952611111111111
SG_009577,0.020825
SG_009581,0.39896944444444443
SG_009582,0.36611944444444444
SG_009584,0.07911944444444444
SG_009585,0.8300472222222223
SG_009589,0.3937555555555555
SG_009592,0.29011944444444443
SG_009593,0.654536111111111
SG_009602,0.11650555555555556
SG_009614,0.4082805555555556
SG_009616,0.9053972222222222
SG_009618,0.8961694444444444
SG_009619,0.10433055555555555
SG_009620,0.5898805555555556
SG_009622,0.213225
SG_009630,0.7493111111111111
SG_009632,0.10121666666666666
SG_009639,0.16038055555555555
SG_009649,0.7025944444444444
SG_009651,0.8096805555555556
SG_009661,0.014119444444444445
SG_009670,0.30535
SG_009671,0.7620972222222223
SG_009679,0.8892472222222223
SG_009681,0.060780555555555546
SG_009683,0.48573611111111115
SG_009687,0.9371638888888889
SG_009690,0.430875
SG_009691,0.9173472222222223
SG_009694,0.4915666666666667
SG_009696,0.9576194444444446
SG_009701,0.6823333333333333
SG_009702,0.1948111111111111
SG_009707,0.27538888888888885
SG_009716,0.11193055555555556
SG_009718,0.49657777777777773
SG_009727,0.3474527777777778
SG_009736,0.2559166666666667
SG_009741,0.2964111111111111
SG_009744,0.5307916666666667
SG_009746,0.38871111111111106
SG_009747,0.7809972222222222
SG_009751,0.6162527777777778
SG_009754,0.5912833333333333
SG_009757,0.06188611111111111
SG_009759,0.5849833333333333
SG_009760,0.6865416666666667
SG_009762,0.24308611111111111
SG_009763,0.4363666666666666
SG_009766,0.1674861111111111
SG_009776,0.7047083333333334
SG_009778,0.8551527777777779
SG_009780,0.9546416666666667
SG_009782,0.9780999999999999
SG_009783,0.07076111111111111
SG_009785,0.5595583333333333
SG_009786,0.6119249999999999
SG_009791,0.6170083333333334
SG_009794,0.15992222222222222
SG_009795,0.5237888888888889
SG_009799,0.6804749999999999
SG_009800,0.9592416666666667
SG_009814,0.8941833333333334
SG_009819,0.21775277777777777
SG_009824,0.33775
SG_009825,0.9711916666666666
SG_009829,0.9357888888888889
SG_009834,0.7598833333333334
SG_009837,0.6595472222222222
SG_009838,0.4830305555555556
SG_009843,0.5493166666666667
SG_009845,0.5339777777777778
SG_009851,0.43065277777777783
SG_009855,0.9031361111111111
SG_009856,0.6261805555555555
SG_009862,0.40504999999999997
SG_009865,0.18337222222222221
SG_009867,0.412325
SG_009868,0.6637194444444444
SG_009869,0.09550555555555555
SG_009870,0.5810194444444444
SG_009875,0.5725222222222222
SG_009876,0.6126277777777778
SG_009877,0.8206777777777777
SG_009878,0.9699805555555555
SG_009880,0.9297916666666667
SG_009881,0.44959722222222226
SG_009895,0.9373194444444444
SG_009905,0.39879166666666666
SG_009909,0.6127944444444445
SG_009914,0.5613083333333333
SG_009916,0.5482583333333334
SG_009921,0.4639111111111111
SG_009923,0.8974361111111111
SG_009926,0.8584361111111112
SG_009929,0.837513888888889
SG_009932,0.3472388888888889
SG_009933,0.27608055555555555
SG_009935,0.2386805555555556
SG_009936,0.43081111111111114
SG_009937,0.3080611111111111
SG_009941,0.15698333333333334
SG_009942,0.5195861111111111
SG_009953,0.9112972222222223
SG_009956,0.09989722222222222
SG_009959,0.28274444444444446
SG_009964,0.23090833333333335
SG_009972,0.7355444444444444
SG_009977,0.6745833333333333
SG_009979,0.9730583333333334
SG_009982,0.09899444444444445
SG_009985,0.8796222222222223
SG_009987,0.03888888888888888
SG_009989,0.5987472222222222
SG_009993,0.2806666666666667
SG_009997,0.6372083333333334
SG_009999,0.5011861111111111
SG_010002,0.7720833333333333
SG_010007,0.7801527777777777
SG_010008,0.2266388888888889
SG_010009,0.14724722222222222
SG_010010,0.8475333333333332
SG_010011,0.3587916666666667
SG_010012,0.10544444444444444
SG_010014,0.1355111111111111
SG_010015,0.5450805555555556
SG_010019,0.38758888888888887
SG_010020,0.1111
SG_010021,0.28415277777777775
SG_010024,0.5305444444444445
SG_010025,0.37181111111111115
SG_010034,0.47344722222222224
SG_010037,0.10855
SG_010038,0.2082361111111111
SG_010042,0.5935361111111112
SG_010045,0.623125
SG_010047,0.15164444444444442
SG_010048,0.7296333333333334
SG_010050,0.5740805555555556
SG_010052,0.5890249999999999
SG_010058,0.3785777777777778
SG_010061,0.6859027777777776
SG_010068,0.3352833333333333
SG_010069,0.15690555555555558
SG_010074,0.4149277777777778
SG_010078,0.06434166666666667
SG_010081,0.1376027777777778
SG_010084,0.6325333333333333
SG_010085,0.18290555555555557
SG_010086,0.9797666666666667
SG_010088,0.7056777777777777
SG_010091,0.022122222222222224
SG_010092,0.7712055555555556
SG_010099,0.6282833333333334
SG_010101,0.39794444444444443
SG_010103,0.21774444444444446
SG_010104,0.6571416666666666
SG_010106,0.9011444444444444
SG_010109,0.3288666666666667
SG_010115,0.08217777777777778
SG_010116,0.8646499999999999
SG_010117,0.78905
SG_010123,0.9395277777777779
SG_010130,0.05135555555555556
SG_010132,0.023438888888888888
SG_010134,0.8334916666666666
SG_010142,0.9795694444444445
SG_010144,0.2278083333333333
SG_010146,0.67965
SG_010151,0.03563055555555556
SG_010153,0.9975222222222222
SG_010155,0.42036944444444446
SG_010157,0.90145
SG_010165,0.12868333333333332
SG_010166,0.2581138888888889
SG_010169,0.17077222222222221
SG_010170,0.16938055555555556
SG_010172,0.21954722222222223
SG_010173,0.4472861111111111
SG_010174,0.5551944444444444
SG_010175,0.6174694444444444
SG_010176,0.8099527777777777
SG_010182,0.046219444444444445
SG_010183,0.5537527777777778
SG_010184,0.811486111111111
SG_010187,0.3920472222222222
SG_010195,0.10654166666666667
SG_010198,0.33939166666666665
SG_010199,0.3847833333333333
SG_010200,0.14685833333333334
SG_010204,0.7302805555555556
SG_010206,0.5823388888888889
SG_010208,0.7235444444444444
SG_010209,0.21681111111111112
SG_010210,0.6475138888888888
SG_010213,0.41605277777777777
SG_010217,0.6465611111111111
SG_010226,0.8736583333333333
SG_010227,0.14687222222222224
SG_010234,0.34026666666666666
SG_010235,0.4625861111111111
SG_010238,0.9763722222222223
SG_010241,0.2983
SG_010242,0.12089444444444444
SG_010243,0.11598611111111112
SG_010246,0.6794694444444445
SG_010252,0.8278722222222222
SG_010253,0.9920583333333334
SG_010256,0.7263777777777778
SG_010257,0.45974722222222225
SG_010258,0.06117222222222222
SG_010259,0.9403888888888888
SG_010261,0.7071805555555555
SG_010263,0.22926944444444447
SG_010265,0.017430555555555553
SG_010267,0.04331111111111111
SG_010271,0.22907499999999997
SG_010273,0.4079805555555555
SG_010274,0.1526138888888889
SG_010277,0.7295888888888888
SG_010284,0.14575555555555555
SG_010286,0.3922361111111112
SG_010287,0.9867250000000001
SG_010288,0.20215277777777776
SG_010293,0.4156722222222222
SG_010294,0.8050861111111111
SG_010298,0.3413861111111111
SG_010306,0.5571694444444444
SG_010313,0.5494472222222222
SG_010315,0.8239722222222222
SG_010316,0.6846527777777778
SG_010319,0.1657777777777778
SG_010320,0.9392972222222221
SG_010322,0.5864305555555556
SG_010323,0.7557972222222223
SG_010326,0.24898333333333336
SG_010328,0.8327944444444444
SG_010329,0.9689027777777777
SG_010330,0.6037305555555555
SG_010332,0.03227222222222222
SG_010336,0.8896194444444444
SG_010344,0.7566138888888889
SG_010347,0.8950472222222221
SG_010350,0.47200833333333336
SG_010352,0.9903944444444445
SG_010354,0.3909888888888889
SG_010358,0.46615555555555555
SG_010371,0.2810416666666667
SG_010373,0.7880333333333333
SG_010379,0.12899166666666664
SG_010386,0.5019750000000001
SG_010393,0.44564166666666666
SG_010394,0.5658916666666667
SG_010399,0.8563305555555556
SG_010401,0.28986111111111107
SG_010404,0.20854722222222222
SG_010406,0.3665222222222222
SG_010407,0.45615277777777785
SG_010409,0.9856416666666667
SG_010412,0.7576
SG_010418,0.104125
SG_010420,0.05074722222222222
SG_010424,0.9313694444444445
SG_010425,0.5289805555555556
SG_010428,0.8853444444444445
SG_010430,0.9684944444444443
SG_010431,0.7372
SG_010435,0.3449055555555556
SG_010442,0.9054
SG_010455,0.40198333333333325
SG_010459,0.26845833333333335
SG_010460,0.8975694444444445
SG_010461,0.6882444444444445
SG_010462,0.05829722222222223
SG_010465,0.15728611111111113
SG_010467,0.4147833333333333
SG_010469,0.4939083333333333
SG_010470,0.5007722222222222
SG_010472,0.1481138888888889
SG_010475,0.8418611111111111
SG_010477,0.8874444444444445
SG_010481,0.8422083333333333
SG_010482,0.043194444444444445
SG_010483,0.5218527777777778
SG_010485,0.8469527777777779
SG_010486,0.13422777777777778
SG_010487,0.8533583333333332
SG_010490,0.656875
SG_010492,0.4362527777777777
SG_010493,0.05349444444444445
SG_010495,0.38440833333333335
SG_010498,0.3861555555555556
SG_010499,0.198525
SG_010501,0.7449944444444445
SG_010503,0.03950555555555556
SG_010505,0.3142638888888889
SG_010506,0.2949388888888889
SG_010507,0.17159999999999997
SG_010509,0.42995555555555554
SG_010510,0.6024805555555556
SG_010515,0.869138888888889
SG_010517,0.8813777777777777
SG_010518,0.6700277777777778
SG_010531,0.7964194444444445
SG_010546,0.7820666666666666
SG_010547,0.2063972222222222
SG_010550,0.8759416666666666
SG_010552,0.3272861111111111
SG_010553,0.36337777777777774
SG_010555,0.3052388888888889
SG_010561,0.3758638888888889
SG_010562,0.4305583333333333
SG_010563,0.7735111111111111
SG_010569,0.34049166666666664
SG_010571,0.22442499999999999
SG_010577,0.15438888888888888
SG_010578,0.30530277777777776
SG_010579,0.4476333333333334
SG_010582,0.6546694444444444
SG_010585,0.7724416666666666
SG_010586,0.8704166666666666
SG_010588,0.12892499999999998
SG_010589,0.026211111111111112
SG_010590,0.9112722222222222
SG_010592,0.9728
SG_010594,0.18828611111111113
SG_010598,0.8619166666666667
SG_010600,0.30075833333333335
SG_010607,0.3176861111111111
SG_010611,0.6769833333333334
SG_010615,0.9904499999999999
SG_010616,0.6345777777777777
SG_010619,0.2087722222222222
SG_010627,0.3001972222222222
SG_010634,0.036236111111111115
SG_010635,0.1811722222222222
SG_010636,0.5493805555555555
SG_010649,0.8212083333333333
SG_010651,0.29955000000000004
SG_010653,0.3817083333333333
SG_010655,0.36719722222222223
SG_010659,0.36270833333333335
SG_010662,0.9304249999999998
SG_010664,0.8142444444444445
SG_010666,0.26304444444444447
SG_010668,0.36338888888888893
SG_010670,0.528461111111111
SG_010673,0.8428944444444445
SG_010674,0.48985833333333334
SG_010679,0.743786111111111
SG_010684,0.943288888888889
SG_010685,0.11262222222222222
SG_010690,0.06867777777777778
SG_010696,0.4565916666666667
SG_010700,0.5236555555555555
SG_010707,0.4500583333333334
SG_010708,0.3910888888888889
SG_010713,0.37962777777777773
SG_010717,0.27023055555555553
SG_010718,0.6601277777777778
SG_010721,0.8195277777777779
SG_010722,0.165625
SG_010726,0.7911083333333334
SG_010729,0.16721388888888888
SG_010733,0.2256027777777778
SG_010734,0.6344083333333334
SG_010737,0.28849166666666665
SG_010739,0.18715833333333332
SG_010745,0.6857694444444444
SG_010752,0.4771888888888889
SG_010753,0.790711111111111
SG_010757,0.07265555555555554
SG_010760,0.8775722222222222
SG_010763,0.5786638888888889
SG_010769,0.7897722222222222
SG_010772,0.7505027777777777
SG_010773,0.2946972222222222
SG_010774,0.3512277777777778
SG_010781,0.5358111111111111
SG_010784,0.17342222222222223
SG_010789,0.22197222222222224
SG_010791,0.5673638888888889
SG_010795,0.979013888888889
SG_010796,0.5151305555555556
SG_010798,0.5713222222222223
SG_010801,0.5862944444444445
SG_010803,0.9655555555555555
SG_010808,0.43307222222222225
SG_010809,0.37328055555555556
SG_010810,0.7401083333333333
SG_010814,0.8294305555555557
SG_010816,0.08144444444444444
SG_010818,0.05040833333333333
SG_010824,0.9335888888888888
SG_010828,0.9191777777777778
SG_010830,0.8125861111111111
SG_010831,0.14143333333333333
SG_010837,0.9258194444444445
SG_010843,0.26335833333333336
SG_010844,0.8947805555555556
SG_010845,0.17354999999999998
SG_010846,0.30165277777777777
SG_010847,0.7870083333333333
SG_010853,0.276325
SG_010857,0.048280555555555556
SG_010860,0.38965833333333333
SG_010863,0.14527222222222222
SG_010865,0.3836916666666667
SG_010870,0.8267888888888889
SG_010871,0.7341833333333334
SG_010872,0.3810555555555555
SG_010876,0.9753000000000001
SG_010881,0.2189611111111111
SG_010882,0.4588333333333333
SG_010884,0.8359083333333335
SG_010887,0.09632777777777778
SG_010888,0.5757472222222223
SG_010889,0.698838888888889
SG_010894,0.8531361111111111
SG_010896,0.7472944444444444
SG_010898,0.4089972222222223
SG_010902,0.23670833333333333
SG_010904,0.74915
SG_010907,0.8807583333333333
SG_010911,0.26924444444444445
SG_010922,0.5964138888888889
SG_010930,0.055058333333333334
SG_010946,0.851211111111111
SG_010951,0.1915888888888889
SG_010956,0.7958138888888888
SG_010960,0.9706222222222223
SG_010961,0.3713055555555555
SG_010962,0.6692694444444445
SG_010969,0.2829361111111111
SG_010971,0.22890555555555556
SG_010973,0.8917638888888888
SG_010974,0.09911944444444445
SG_010977,0.07473333333333333
SG_010982,0.034036111111111114
SG_010985,0.2880805555555555
SG_010986,0.39530000000000004
SG_010987,0.7667833333333335
SG_010993,0.06487222222222222
SG_010995,0.06962777777777777
SG_010998,0.9846722222222222
SG_011003,0.6477166666666667
SG_011010,0.025200000000000004
SG_011012,0.18674722222222223
SG_011016,0.5691694444444444
SG_011017,0.21630833333333332
SG_011025,0.2705888888888889
SG_011031,0.8677527777777777
SG_011050,0.13486944444444446
SG_011052,0.2643611111111111
SG_011053,0.8786861111111112
SG_011055,0.18340555555555557
SG_011057,0.7759527777777778
SG_011060,0.09556944444444446
SG_011073,0.7278083333333334
SG_011075,0.7832777777777776
SG_011077,0.1522111111111111
SG_011088,0.320925
SG_011089,0.3586833333333333
SG_011097,0.10874444444444445
SG_011107,0.45950555555555556
SG_011110,0.5343444444444444
SG_011117,0.11335277777777777
SG_011120,0.7796611111111111
SG_011132,0.44152222222222226
SG_011133,0.18258055555555555
SG_011139,0.9903111111111111
SG_011143,0.8375611111111111
SG_011144,0.07742777777777778
SG_011147,0.8381361111111111
SG_011148,0.5293166666666667
SG_011151,0.07139999999999999
SG_011152,0.9249083333333333
SG_011154,0.21581666666666668
SG_011158,0.47798333333333326
SG_011159,0.9483055555555555
SG_011160,0.818361111111111
SG_011161,0.7735555555555556
SG_011162,0.5435638888888888
SG_011164,0.12118888888888889
SG_011169,0.10220000000000001
SG_011170,0.044805555555555564
SG_011175,0.6252000000000001
SG_011176,0.6306194444444444
SG_011177,0.41478055555555554
SG_011182,0.6486833333333334
SG_011184,0.7305027777777777
SG_011186,0.39297499999999996
SG_011190,0.05214166666666667
SG_011192,0.8581472222222222
SG_011199,0.10475555555555555
SG_011200,0.39527777777777773
SG_011201,0.2436333333333333
SG_011203,0.30371666666666663
SG_011208,0.9877055555555556
SG_011212,0.341875
SG_011214,0.44490277777777776
SG_011221,0.9328944444444445
SG_011222,0.5765416666666666
SG_011224,0.2614944444444445
SG_011226,0.8964555555555556
SG_011235,0.8468166666666666
SG_011239,0.07598333333333333
SG_011250,0.3004888888888889
SG_011257,0.9295305555555555
SG_011259,0.4511638888888889
SG_011261,0.36447222222222225
SG_011262,0.7807972222222221
SG_011266,0.45951388888888883
SG_011274,0.2260027777777778
SG_011275,0.1633277777777778
SG_011279,0.09843888888888888
SG_011280,0.3972611111111111
SG_011285,0.04096388888888889
SG_011291,0.32866666666666666
SG_011294,0.24723611111111113
SG_011298,0.7696722222222221
SG_011303,0.3534972222222222
SG_011304,0.15766666666666668
SG_011306,0.2605722222222222
SG_011307,0.4275361111111111
SG_011308,0.8640444444444444
SG_011309,0.5055416666666667
SG_011310,0.7503111111111112
SG_011312,0.9498805555555555
SG_011313,0.9753305555555556
SG_011327,0.12923055555555554
SG_011333,0.15719444444444447
SG_011335,0.8035083333333334
SG_011337,0.341725
SG_011340,0.009391666666666666
SG_011343,0.113175
SG_011345,0.1761361111111111
SG_011347,0.40346111111111105
SG_011350,0.23290277777777776
SG_011357,0.7523361111111111
SG_011360,0.37280277777777776
SG_011361,0.9184
SG_011367,0.07660555555555555
SG_011371,0.27765
SG_011376,0.13494444444444445
SG_011377,0.9256277777777777
SG_011380,0.3182277777777778
SG_011381,0.15954166666666666
SG_011383,0.15993333333333334
SG_011398,0.5467222222222222
SG_011401,0.40191666666666664
SG_011413,0.5997111111111111
SG_011416,0.3348666666666667
SG_011420,0.4633027777777778
SG_011429,0.5980305555555556
SG_011432,0.132575
SG_011437,0.41146944444444444
SG_011443,0.5416027777777778
SG_011447,0.8344777777777778
SG_011450,0.4669583333333333
SG_011457,0.4855166666666667
SG_011458,0.4842972222222222
SG_011460,0.5247666666666667
SG_011464,0.345825
SG_011468,0.10206388888888888
SG_011469,0.7755944444444445
SG_011473,0.9439083333333333
SG_011475,0.9695777777777778
SG_011479,0.6312055555555556
SG_011482,0.8665666666666666
SG_011483,0.9708194444444443
SG_011492,0.3372388888888889
SG_011493,0.68565
SG_011497,0.33145
SG_011503,0.4524166666666667
SG_011504,0.6865583333333334
SG_011505,0.4959694444444444
SG_011512,0.6860916666666667
SG_011519,0.3460416666666667
SG_011526,0.6596861111111111
SG_011527,0.41203055555555557
SG_011528,0.2224722222222222
SG_011532,0.08296111111111111
SG_011541,0.1553388888888889
SG_011544,0.5232916666666667
SG_011547,0.8884527777777779
SG_011548,0.9104722222222221
SG_011552,0.39153611111111114
SG_011566,0.5785277777777779
SG_011567,0.6166027777777778
SG_011569,0.4531333333333334
SG_011575,0.3815694444444444
SG_011576,0.9365111111111111
SG_011577,0.24924166666666667
SG_011581,0.6083583333333333
SG_011584,0.8957944444444444
SG_011586,0.7853861111111111
SG_011593,0.5454083333333333
SG_011597,0.06109722222222222
SG_011598,0.9136166666666666
SG_011602,0.19794444444444442
SG_011605,0.6831
SG_011607,0.18910277777777776
SG_011612,0.9882972222222222
SG_011616,0.5667277777777778
SG_011617,0.3104194444444444
SG_011620,0.8833166666666666
SG_011622,0.6710305555555556
SG_011625,0.4566638888888889
SG_011626,0.7011888888888889
SG_011627,0.7700444444444444
SG_011632,0.9312944444444444
SG_011633,0.5971527777777779
SG_011635,0.9394666666666667
SG_011638,0.4136472222222222
SG_011640,0.8548527777777778
SG_011645,0.3503194444444444
SG_011649,0.5436305555555556
SG_011656,0.3432583333333334
SG_011662,0.1725111111111111
SG_011663,0.4605194444444445
SG_011666,0.1472388888888889
SG_011672,0.06502222222222222
SG_011673,0.7135555555555555
SG_011676,0.9590638888888888
SG_011678,0.3518611111111112
SG_011682,0.4171944444444445
SG_011683,0.22950833333333331
SG_011684,0.10965277777777777
SG_011691,0.8416388888888888
SG_011694,0.09950555555555556
SG_011695,0.5957444444444444
SG_011697,0.8580166666666668
SG_011699,0.05303888888888889
SG_011701,0.6599805555555556
SG_011704,0.9066416666666667
SG_011705,0.5214805555555555
SG_011708,0.4678805555555556
SG_011714,0.9241916666666666
SG_011715,0.6374888888888889
SG_011720,0.2521388888888889
SG_011721,0.06551666666666667
SG_011727,0.04260833333333333
SG_011728,0.6129472222222222
SG_011729,0.47413333333333335
SG_011731,0.22341666666666668
SG_011736,0.4833833333333334
SG_011737,0.28065833333333334
SG_011747,0.31701388888888893
SG_011749,0.9163805555555554
SG_011750,0.45112777777777774
SG_011752,0.3258611111111111
SG_011757,0.8407611111111111
SG_011764,0.5960805555555556
SG_011767,0.0660638888888889
SG_011769,0.8441416666666667
SG_011770,0.8117666666666667
SG_011772,0.8607444444444444
SG_011773,0.29580555555555554
SG_011777,0.44710833333333333
SG_011779,0.38752777777777775
SG_011780,0.6036555555555556
SG_011786,0.8566611111111111
SG_011787,0.7737666666666667
SG_011789,0.10580277777777777
SG_011796,0.011294444444444444
SG_011799,0.36192500000000005
SG_011801,0.07789444444444443
SG_011802,0.8453944444444444
SG_011806,0.04091944444444444
SG_011812,0.7907166666666665
SG_011814,0.7860722222222223
SG_011815,0.38279166666666664
SG_011816,0.8612861111111112
SG_011830,0.668613888888889
SG_011833,0.023816666666666663
SG_011843,0.6789388888888889
SG_011853,0.7450472222222222
SG_011855,0.8236444444444445
SG_011858,0.01821111111111111
SG_011861,0.11562222222222222
SG_011863,0.8190638888888888
SG_011864,0.8198888888888889
SG_011868,0.9112805555555555
SG_011869,0.7103527777777778
SG_011871,0.9283055555555555
SG_011886,0.3116527777777778
SG_011889,0.4199055555555556
SG_011890,0.4996916666666667
SG_011894,0.494425
SG_011896,0.23028055555555557
SG_011898,0.031041666666666665
SG_011900,0.47083611111111107
SG_011918,0.8632555555555557
SG_011922,0.3634305555555556
SG_011925,0.30157222222222224
SG_011926,0.4024583333333333
SG_011927,0.8118444444444445
SG_011931,0.47705000000000003
SG_011933,0.1338861111111111
SG_011936,0.018563888888888887
SG_011939,0.09352222222222221
SG_011940,0.2459444444444444
SG_011953,0.5795027777777777
SG_011955,0.9406833333333334
SG_011956,0.55945
SG_011959,0.21870277777777777
SG_011961,0.8866416666666666
SG_011962,0.9162611111111111
SG_011966,0.9535333333333333
SG_011969,0.0825111111111111
SG_011971,0.13871111111111112
SG_011977,0.4927055555555556
SG_011978,0.32669722222222225
SG_011983,0.29399166666666665
SG_011986,0.2486944444444444
SG_011988,0.04021111111111111
SG_011993,0.5846583333333333
SG_011995,0.8448416666666667
SG_011996,0.15966944444444445
SG_011997,0.3829916666666666
SG_012000,0.553275
SG_012013,0.4479111111111112
SG_012018,0.4906222222222222
SG_012019,0.3182861111111111
SG_012020,0.6067666666666667
SG_012022,0.23054166666666667
SG_012031,0.6020916666666667
SG_012040,0.6186611111111111
SG_012041,0.12481111111111111
SG_012048,0.15094444444444444
SG_012050,0.23889166666666664
SG_012051,0.13760555555555556
SG_012052,0.9106194444444445
SG_012064,0.8145861111111111
SG_012066,0.2543083333333333
SG_012068,0.3291527777777778
SG_012076,0.8583416666666667
SG_012077,0.44166666666666665
SG_012078,0.2446361111111111
SG_012079,0.028580555555555553
SG_012080,0.6007777777777777
SG_012081,0.24564166666666665
SG_012082,0.5437861111111111
SG_012086,0.4362472222222222
SG_012089,0.8009666666666667
SG_012097,0.1731916666666667
SG_012104,0.47166388888888894
SG_012108,0.7165111111111111
SG_012113,0.6745222222222222
SG_012119,0.8674861111111112
SG_012124,0.7605
SG_012125,0.15793333333333331
SG_012141,0.8512222222222222
SG_012143,0.4780805555555556
SG_012145,0.34129444444444446
SG_012148,0.29035833333333333
SG_012150,0.6187777777777778
SG_012162,0.3437805555555556
SG_012165,0.5515249999999999
SG_012166,0.4865388888888889
SG_012167,0.6135416666666667
SG_012168,0.11228611111111111
SG_012169,0.22601666666666664
SG_012170,0.0910611111111111
SG_012175,0.30763888888888885
SG_012176,0.45876944444444445
SG_012177,0.2062388888888889
SG_012181,0.9269055555555555
SG_012186,0.9945666666666666
SG_012190,0.4789805555555555
SG_012192,0.9901000000000001
SG_012194,0.3811333333333334
SG_012195,0.21727500000000002
SG_012198,0.6433444444444444
SG_012199,0.24965
SG_012205,0.9826138888888888
SG_012206,0.7166388888888889
SG_012211,0.08674166666666668
SG_012212,0.683125
SG_012213,0.41062222222222217
SG_012216,0.8035083333333334
SG_012217,0.8020888888888889
SG_012218,0.776925
SG_012220,0.241225
SG_012225,0.7185472222222223
SG_012230,0.14617777777777777
SG_012232,0.08337777777777777
SG_012234,0.18409166666666665
SG_012238,0.44528055555555557
SG_012241,0.20599444444444445
SG_012243,0.15209444444444445
SG_012247,0.18640833333333334
SG_012253,0.24907500000000002
SG_012258,0.8378361111111111
SG_012260,0.6046
SG_012263,0.24650555555555556
SG_012264,0.8503916666666668
SG_012266,0.9538472222222222
SG_012270,0.12042499999999999
SG_012272,0.12458888888888889
SG_012276,0.7439805555555555
SG_012277,0.24543055555555554
SG_012278,0.5770388888888889
SG_012279,0.8717444444444445
SG_012280,0.8602277777777778
SG_012281,0.9634777777777778
SG_012283,0.864325
SG_012284,0.9164583333333334
SG_012285,0.28463333333333335
SG_012290,0.7297666666666667
SG_012293,0.4009777777777778
SG_012301,0.870175
SG_012305,0.7809583333333333
SG_012307,0.7425555555555556
SG_012308,0.46786111111111117
SG_012310,0.6443638888888888
SG_012312,0.9917583333333334
SG_012313,0.2656722222222222
SG_012316,0.8357027777777779
SG_012321,0.42245555555555553
SG_012322,0.7853666666666667
SG_012326,0.43806388888888886
SG_012334,0.19990555555555556
SG_012336,0.31698055555555554
SG_012337,0.5040472222222222
SG_012339,0.8612277777777778
SG_012340,0.3634444444444445
SG_012345,0.014474999999999998
SG_012355,0.8659388888888888
SG_012362,0.712325
SG_012363,0.6676388888888889
SG_012368,0.8133138888888889
SG_012375,0.15448055555555557
SG_012378,0.03611388888888889
SG_012381,0.2164361111111111
SG_012384,0.31459166666666666
SG_012390,0.3034888888888889
SG_012393,0.5924527777777777
SG_012397,0.10625833333333333
SG_012400,0.41301666666666675
SG_012402,0.78025
SG_012410,0.6531305555555555
SG_012414,0.16229166666666667
SG_012419,0.48181666666666667
SG_012420,0.9751749999999999
SG_012422,0.8542805555555556
SG_012423,0.8260722222222222
SG_012424,0.132925
SG_012427,0.2773416666666667
SG_012432,0.28040000000000004
SG_012436,0.8585888888888888
SG_012437,0.7353194444444445
SG_012438,0.9464638888888888
SG_012444,0.14336944444444444
SG_012446,0.002311111111111111
SG_012452,0.9650361111111111
SG_012453,0.3549666666666667
SG_012456,0.42851388888888886
SG_012459,0.08396111111111111
SG_012468,0.27815833333333334
SG_012470,0.3778305555555555
SG_012480,0.32946111111111115
SG_012484,0.23653888888888888
SG_012489,0.23427777777777778
SG_012493,0.5776916666666667
SG_012495,0.857825
SG_012499,0.8261416666666668
SG_012501,0.017105555555555558
SG_012502,0.3313111111111111
SG_012504,0.9330222222222222
SG_012506,0.02614722222222222
SG_012509,0.9398527777777778
SG_012510,0.987611111111111
SG_012513,0.37317222222222224
SG_012519,0.655425
SG_012520,0.7117388888888889
SG_012521,0.022955555555555552
SG_012525,0.5245638888888888
SG_012527,0.6273333333333333
SG_012531,0.5427166666666667
SG_012533,0.9596222222222223
SG_012538,0.13925277777777778
SG_012539,0.9575138888888889
SG_012548,0.4448888888888889
SG_012550,0.5153694444444444
SG_012552,0.4569472222222222
SG_012556,0.5837944444444445
SG_012561,0.8400527777777778
SG_012562,0.09438888888888887
SG_012563,0.7375222222222222
SG_012564,0.6635861111111111
SG_012567,0.02975
SG_012568,0.8663111111111111
SG_012571,0.6820916666666667
SG_012575,0.25679166666666664
SG_012579,0.5068222222222223
SG_012588,0.3569083333333333
SG_012591,0.22128055555555556
SG_012594,0.3609222222222222
SG_012596,0.12536944444444445
SG_012600,0.8393694444444445
SG_012601,0.34339166666666665
SG_012603,0.20809722222222224
SG_012606,0.08454166666666667
SG_012609,0.9874416666666666
SG_012610,0.17766666666666667
SG_012615,0.4120916666666667
SG_012616,0.6956388888888888
SG_012619,0.34345555555555557
SG_012623,0.7405722222222222
SG_012628,0.5182444444444444
SG_012630,0.8638777777777777
SG_012632,0.8664972222222223
SG_012636,0.5825583333333333
SG_012640,0.014219444444444446
SG_012643,0.7982694444444445
SG_012648,0.991986111111111
SG_012651,0.13791111111111112
SG_012654,0.4584194444444445
SG_012660,0.9285111111111111
SG_012661,0.7558944444444444
SG_012663,0.48476388888888894
SG_012669,0.22250833333333334
SG_012674,0.5290611111111111
SG_012680,0.5114472222222223
SG_012684,0.34887222222222225
SG_012688,0.41030000000000005
SG_012690,0.6782194444444445
SG_012697,0.6700972222222222
SG_012699,0.47783888888888887
SG_012701,0.16307222222222223
SG_012705,0.5277444444444445
SG_012709,0.4249583333333333
SG_012710,0.9277527777777778
SG_012715,0.5673694444444445
SG_012716,0.39324444444444445
SG_012718,0.6429361111111112
SG_012723,0.3368194444444444
SG_012724,0.5207972222222222
SG_012730,0.440875
SG_012734,0.7583333333333333
SG_012736,0.30319722222222223
SG_012738,0.15980555555555556
SG_012747,0.7756944444444445
SG_012749,0.9123611111111112
SG_012750,0.045552777777777775
SG_012753,0.7073555555555555
SG_012754,0.8668694444444444
SG_012757,0.25898333333333334
SG_012763,0.4529611111111111
SG_012764,0.1947972222222222
SG_012767,0.8734361111111111
SG_012768,0.5530027777777777
SG_012773,0.1668388888888889
SG_012775,0.02778888888888889
SG_012777,0.7021833333333334
SG_012786,0.5532416666666666
SG_012787,0.9295111111111111
SG_012792,0.5937722222222223
SG_012797,0.7011222222222223
SG_012805,0.3201916666666667
SG_012808,0.6057444444444444
SG_012810,0.7902194444444445
SG_012819,0.9635333333333334
SG_012821,0.9860444444444444
SG_012822,0.7529416666666666
SG_012831,0.2552472222222222
SG_012844,0.8839916666666666
SG_012845,0.08614444444444444
SG_012848,0.043774999999999994
SG_012849,0.7678972222222222
SG_012851,0.8648027777777778
SG_012859,0.009852777777777776
SG_012861,0.6912194444444444
SG_012869,0.9138583333333333
SG_012870,0.49991111111111114
SG_012873,0.8563055555555555
SG_012874,0.6252611111111112
SG_012883,0.07889166666666667
SG_012886,0.7494805555555555
SG_012887,0.09295833333333334
SG_012888,0.3839861111111111
SG_012891,0.08961111111111113
SG_012898,0.3908055555555555
SG_012905,0.9336444444444445
SG_012910,0.7578583333333333
SG_012913,0.1614861111111111
SG_012918,0.9398944444444445
SG_012919,0.6094361111111112
SG_012920,0.2615472222222222
SG_012923,0.13565
SG_012924,0.45089166666666664
SG_012926,0.9701083333333332
SG_012936,0.8300722222222222
SG_012938,0.8085888888888889
SG_012940,0.29836944444444446
SG_012945,0.2290694444444444
SG_012949,0.5346888888888889
SG_012958,0.7144083333333334
SG_012962,0.5981555555555556
SG_012967,0.38111944444444446
SG_012968,0.1340472222222222
SG_012970,0.31138055555555555
SG_012972,0.27079722222222224
SG_012978,0.3141916666666667
SG_012979,0.5678972222222222
SG_012980,0.9743194444444445
SG_012981,0.9538444444444444
SG_012983,0.33273611111111107
SG_012984,0.89945
SG_012989,0.7290777777777778
SG_012994,0.3671944444444445
SG_012997,0.408675
SG_013002,0.7225472222222221
SG_013009,0.5606555555555556
SG_013017,0.06623333333333332
SG_013023,0.9541305555555555
SG_013028,0.31983333333333336
SG_013030,0.5448972222222223
SG_013033,0.9392055555555556
SG_013042,0.5531972222222222
SG_013043,0.5761861111111112
SG_013045,0.7822555555555555
SG_013063,0.5389
SG_013064,0.2881972222222222
SG_013065,0.3055111111111111
SG_013068,0.9573694444444445
SG_013070,0.42361944444444444
SG_013071,0.3291138888888889
SG_013072,0.6980305555555556
SG_013077,0.33166666666666667
SG_013080,0.988211111111111
SG_013082,0.5581722222222222
SG_013083,0.2364138888888889
SG_013085,0.7969666666666667
SG_013086,0.5073166666666666
SG_013093,0.3683277777777778
SG_013094,0.18283055555555555
SG_013096,0.822863888888889
SG_013104,0.8295944444444444
SG_013108,0.16655555555555554
SG_013111,0.20546666666666666
SG_013112,0.5430777777777777
SG_013115,0.6708194444444445
SG_013117,0.7344111111111112
SG_013125,0.10833055555555555
SG_013127,0.24428611111111112
SG_013135,0.5272027777777778
SG_013138,0.7589416666666666
SG_013139,0.03203333333333333
SG_013141,0.8206388888888888
SG_013149,0.7079555555555556
SG_013150,0.8483277777777779
SG_013157,0.7586
SG_013159,0.7766138888888889
SG_013166,0.4095722222222222
SG_013172,0.8738111111111111
SG_013177,0.5675527777777778
SG_013178,0.10487222222222223
SG_013187,0.2906972222222222
SG_013196,0.22022222222222224
SG_013201,0.9831722222222221
SG_013202,0.19353333333333333
SG_013212,0.17064444444444443
SG_013219,0.5008555555555555
SG_013222,0.10207500000000001
SG_013223,0.8489638888888889
SG_013224,0.970588888888889
SG_013233,0.15715833333333334
SG_013237,0.0819138888888889
SG_013245,0.28088888888888885
SG_013249,0.2892138888888889
SG_013250,0.6382305555555555
SG_013260,0.5380333333333333
SG_013264,0.40963888888888894
SG_013266,0.5339805555555556
SG_013267,0.973325
SG_013269,0.15294166666666667
SG_013273,0.7264222222222222
SG_013276,0.05466111111111112
SG_013280,0.47136666666666666
SG_013281,0.7339333333333334
SG_013282,0.19921111111111112
SG_013288,0.5537972222222223
SG_013292,0.31302777777777774
SG_013294,0.8653833333333334
SG_013297,0.06061944444444445
SG_013304,0.2312361111111111
SG_013311,0.3725111111111111
SG_013313,0.7576499999999999
SG_013314,0.2667583333333333
SG_013315,0.44355277777777774
SG_013317,0.8750277777777778
SG_013321,0.6425166666666666
SG_013323,0.2645388888888889
SG_013327,0.26489722222222223
SG_013328,0.18813333333333332
SG_013332,0.17632222222222224
SG_013337,0.6943722222222223
SG_013338,0.5481555555555556
SG_013339,0.038580555555555555
SG_013340,0.7629333333333334
SG_013342,0.033688888888888886
SG_013344,0.020255555555555554
SG_013345,0.6740527777777777
SG_013347,0.3650138888888889
SG_013348,0.17734999999999998
SG_013356,0.7543333333333333
SG_013358,0.7065194444444445
SG_013359,0.3254666666666667
SG_013360,0.19929166666666667
SG_013361,0.04092222222222222
SG_013362,0.8953916666666667
SG_013366,0.3303388888888889
SG_013371,0.6808277777777777
SG_013372,0.5736444444444445
SG_013374,0.8448916666666667
SG_013380,0.03535
SG_013383,0.6729055555555555
SG_013384,0.2500444444444444
SG_013391,0.8749166666666667
SG_013392,0.6145694444444445
SG_013393,0.8926777777777778
SG_013396,0.9390944444444445
SG_013400,0.7681833333333334
SG_013404,0.3862055555555556
SG_013412,0.4738527777777778
SG_013413,0.8495222222222222
SG_013414,0.16066111111111112
SG_013418,0.9353027777777778
SG_013420,0.2789638888888889
SG_013421,0.6789194444444444
SG_013424,0.8201583333333333
SG_013427,0.8407749999999999
SG_013430,0.6850750000000001
SG_013435,0.8889972222222222
SG_013438,0.693975
SG_013440,0.8015333333333333
SG_013443,0.9865722222222222
SG_013444,0.6262722222222222
SG_013446,0.09068055555555554
SG_013447,0.11685277777777776
SG_013452,0.35236111111111107
SG_013454,0.5213083333333334
SG_013456,0.32353611111111114
SG_013462,0.5243777777777777
SG_013463,0.9670222222222222
SG_013464,0.24334999999999998
SG_013468,0.049400000000000006
SG_013472,0.33810833333333334
SG_013474,0.705513888888889
SG_013477,0.4169111111111111
SG_013480,0.3122805555555555
SG_013485,0.2974666666666667
SG_013486,0.6198638888888889
SG_013487,0.6675305555555555
SG_013491,0.7382277777777778
SG_013495,0.7180916666666667
SG_013499,0.19500277777777777
SG_013504,0.9749
SG_013508,0.6881222222222223
SG_013509,0.10470555555555555
SG_013515,0.6416083333333332
SG_013523,0.08153055555555555
SG_013528,0.6369166666666667
SG_013538,0.48717222222222223
SG_013542,0.4508999999999999
SG_013543,0.16669166666666668
SG_013544,0.6957166666666666
SG_013545,0.8560111111111111
SG_013546,0.27723333333333333
SG_013548,0.9825888888888888
SG_013549,0.8253555555555555
SG_013552,0.9457694444444444
SG_013553,0.6497083333333333
SG_013554,0.6525027777777778
SG_013557,0.255525
SG_013558,0.5395416666666667
SG_013561,0.965925
SG_013563,0.398025
SG_013565,0.28632222222222226
SG_013567,0.05684722222222223
SG_013568,0.16883333333333334
SG_013571,0.5793583333333333
SG_013574,0.4431361111111111
SG_013575,0.12095555555555555
SG_013578,0.888625
SG_013579,0.8466611111111112
SG_013580,0.6151194444444444
SG_013586,0.03325
SG_013588,0.22380555555555554
SG_013591,0.4527027777777778
SG_013598,0.9830166666666668
SG_013601,0.544286111111111
SG_013602,0.9324916666666666
SG_013604,0.3489638888888889
SG_013608,0.8573166666666666
SG_013610,0.3741
SG_013612,0.509875
SG_013613,0.18262777777777778
SG_013616,0.2523138888888889
SG_013619,0.43872777777777777
SG_013624,0.8963305555555556
SG_013626,0.5371416666666667
SG_013628,0.9149638888888888
SG_013629,0.20632777777777778
SG_013633,0.392625
SG_013635,0.14229444444444445
SG_013637,0.5417861111111111
SG_013638,0.4020694444444444
SG_013639,0.5033555555555556
SG_013641,0.7356888888888888
SG_013646,0.5267805555555556
SG_013653,0.2361472222222222
SG_013667,0.6572027777777779
SG_013668,0.6584583333333334
SG_013670,0.3103666666666667
SG_013675,0.6280694444444445
SG_013677,0.6418555555555555
SG_013678,0.7158194444444443
SG_013681,0.20041111111111112
SG_013682,0.8857027777777777
SG_013683,0.8817944444444444
SG_013684,0.2664694444444444
SG_013685,0.24740277777777775
SG_013686,0.7253722222222223
SG_013690,0.22686944444444446
SG_013695,0.07446944444444445
SG_013705,0.5567944444444445
SG_013706,0.14424166666666668
SG_013708,0.011341666666666667
SG_013711,0.05786944444444445
SG_013713,0.7759805555555556
SG_013715,0.4493027777777778
SG_013716,0.6285861111111111
SG_013726,0.5777694444444444
SG_013727,0.04085833333333333
SG_013728,0.4545666666666666
SG_013731,0.13470000000000001
SG_013733,0.042286111111111115
SG_013737,0.47559444444444443
SG_013740,0.6380611111111111
SG_013741,0.45704999999999996
SG_013744,0.29335555555555554
SG_013745,0.8191916666666667
SG_013746,0.06284444444444444
SG_013747,0.39918611111111113
SG_013749,0.6478555555555555
SG_013755,0.5614222222222223
SG_013759,0.4166722222222222
SG_013765,0.5101166666666667
SG_013766,0.8017027777777777
SG_013769,0.2172722222222222
SG_013773,0.6951416666666668
SG_013785,0.37574444444444444
SG_013793,0.06748611111111111
SG_013800,0.1376777777777778
SG_013808,0.6230472222222223
SG_013815,0.9067861111111112
SG_013827,0.2882027777777778
SG_013840,0.18811666666666668
SG_013841,0.03260277777777778
SG_013842,0.1451888888888889
SG_013844,0.8129388888888889
SG_013845,0.705338888888889
SG_013849,0.09355
SG_013850,0.3112194444444445
SG_013851,0.196425
SG_013853,0.6067027777777778
SG_013854,0.34783611111111107
SG_013855,0.48502500000000004
SG_013857,0.37632499999999997
SG_013860,0.9294027777777778
SG_013862,0.7978555555555555
SG_013867,0.892425
SG_013868,0.1420861111111111
SG_013870,0.18961666666666663
SG_013883,0.0962611111111111
SG_013884,0.3149416666666667
SG_013885,0.7242388888888889
SG_013892,0.8618833333333333
SG_013896,0.10726944444444443
SG_013898,0.5095111111111111
SG_013901,0.919925
SG_013905,0.5286361111111111
SG_013906,0.7504055555555555
SG_013907,0.35479166666666667
SG_013910,0.6780138888888888
SG_013912,0.5826555555555556
SG_013914,0.5141611111111112
SG_013919,0.7631083333333333
SG_013922,0.8070166666666667
SG_013943,0.20157777777777777
SG_013944,0.12275555555555555
SG_013946,0.33177222222222225
SG_013948,0.2650611111111111
SG_013949,0.16148055555555557
SG_013953,0.6870833333333334
SG_013962,0.6816083333333334
SG_013965,0.8263805555555557
SG_013969,0.7036277777777777
SG_013974,0.0905611111111111
SG_013978,0.5113861111111111
SG_013979,0.14201111111111112
SG_013980,0.727611111111111
SG_013986,0.8034694444444445
SG_013997,0.1889388888888889
SG_014000,0.588
SG_014004,0.04393611111111111
SG_014009,0.5584
SG_014010,0.44645833333333335
SG_014012,0.1916027777777778
SG_014014,0.928038888888889
SG_014015,0.7463055555555557
SG_014016,0.5365361111111111
SG_014017,0.8145194444444445
SG_014018,0.0006583333333333334
SG_014020,0.4369305555555556
SG_014021,0.02470277777777778
SG_014022,0.4711916666666667
SG_014023,0.5742666666666667
SG_014026,0.897111111111111
SG_014030,0.4859888888888889
SG_014031,0.6690805555555556
SG_014036,0.37223333333333336
SG_014037,0.10464722222222222
SG_014039,0.35873055555555555
SG_014045,0.4559611111111111
SG_014046,0.6843055555555555
SG_014047,0.7417611111111111
SG_014050,0.009658333333333333
SG_014053,0.5059694444444445
SG_014058,0.8415111111111111
SG_014059,0.7378194444444445
SG_014062,0.26353055555555555
SG_014067,0.8933111111111112
SG_014072,0.013530555555555556
SG_014073,0.5707888888888889
SG_014075,0.5684722222222223
SG_014081,0.607025
SG_014085,0.39498055555555556
SG_014088,0.803513888888889
SG_014096,0.7724
SG_014099,0.6456527777777779
SG_014102,0.564375
SG_014105,0.7060972222222224
SG_014111,0.9228444444444445
SG_014113,0.7413444444444445
SG_014116,0.05306388888888889
SG_014122,0.7813916666666667
SG_014123,0.47211666666666663
SG_014124,0.9399527777777779
SG_014130,0.856588888888889
SG_014132,0.7237888888888889
SG_014135,0.9658805555555556
SG_014136,0.590725
SG_014139,0.5168111111111111
SG_014140,0.7722472222222223
SG_014141,0.7375638888888889
SG_014146,0.7852333333333332
SG_014155,0.6119583333333334
SG_014157,0.24090555555555557
SG_014161,0.3873472222222222
SG_014162,0.388625
SG_014165,0.46175833333333327
SG_014167,0.8633777777777777
SG_014168,0.5612583333333334
SG_014172,0.09371666666666666
SG_014176,0.3017361111111111
SG_014177,0.9719972222222223
SG_014184,0.9824638888888888
SG_014186,0.7816305555555555
SG_014188,0.48892500000000005
SG_014190,0.12138055555555555
SG_014191,0.27383611111111106
SG_014192,0.06519722222222223
SG_014194,0.8193972222222222
SG_014196,0.48488055555555554
SG_014197,0.9297583333333334
SG_014205,0.19139444444444448
SG_014210,0.49657500000000004
SG_014217,0.6482416666666666
SG_014219,0.7657555555555555
SG_014223,0.6994611111111111
SG_014235,0.04377222222222222
SG_014237,0.8163444444444444
SG_014243,0.6100444444444444
SG_014248,0.9557083333333334
SG_014249,0.561125
SG_014259,0.43299722222222226
SG_014269,0.7045
SG_014270,0.8078888888888889
SG_014272,0.002194444444444444
SG_014277,0.35981944444444447
SG_014288,0.15284444444444442
SG_014290,0.36648055555555553
SG_014292,0.5209
SG_014293,0.36652499999999993
SG_014295,0.49931111111111115
SG_014299,0.4366138888888889
SG_014308,0.4973916666666667
SG_014309,0.1785222222222222
SG_014311,0.9965083333333333
SG_014314,0.8612611111111111
SG_014319,0.03794722222222222
SG_014320,0.0722388888888889
SG_014321,0.9899111111111112
SG_014328,0.8622527777777778
SG_014334,0.08052777777777777
SG_014335,0.19142499999999998
SG_014339,0.7603222222222222
SG_014342,0.08621388888888888
SG_014343,0.9922749999999999
SG_014345,0.2921666666666667
SG_014363,0.2191611111111111
SG_014368,0.2798527777777778
SG_014370,0.007713888888888888
SG_014373,0.4640361111111111
SG_014375,0.35949166666666665
SG_014380,0.949625
SG_014383,0.9790666666666666
SG_014385,0.8017222222222222
SG_014386,0.8138861111111111
SG_014387,0.40581388888888886
SG_014389,0.4503111111111111
SG_014391,0.4552055555555556
SG_014394,0.9931694444444444
SG_014398,0.3449277777777778
SG_014402,0.13280833333333333
SG_014409,0.5757527777777778
SG_014411,0.5764138888888889
SG_014415,0.6625444444444444
SG_014416,0.6176277777777778
SG_014418,0.23043055555555556
SG_014425,0.5218138888888889
SG_014426,0.8887666666666666
SG_014431,0.635413888888889
SG_014432,0.9625305555555556
SG_014446,0.6498055555555555
SG_014447,0.31734444444444443
SG_014457,0.2748111111111111
SG_014465,0.7880777777777777
SG_014466,0.19238888888888891
SG_014469,0.12200555555555555
SG_014474,0.08076388888888889
SG_014484,0.3112972222222222
SG_014486,0.006702777777777778
SG_014488,0.29155
SG_014491,0.5050777777777777
SG_014495,0.7311583333333334
SG_014512,0.9008472222222221
SG_014514,0.38858611111111113
SG_014516,0.49313055555555557
SG_014519,0.26986944444444444
SG_014522,0.12901388888888887
SG_014529,0.7841055555555555
SG_014538,0.7994694444444445
SG_014544,0.5611472222222222
SG_014551,0.4099138888888889
SG_014552,0.6298611111111112
SG_014556,0.08079722222222221
SG_014562,0.6219694444444445
SG_014565,0.06107777777777778
SG_014566,0.8643888888888889
SG_014568,0.10951944444444445
SG_014569,0.012572222222222222
SG_014570,0.39697222222222217
SG_014578,0.3287805555555556
SG_014579,0.8913361111111111
SG_014581,0.4197444444444445
SG_014582,0.7154500000000001
SG_014583,0.45068888888888886
SG_014587,0.7609055555555556
SG_014594,0.242
SG_014596,0.7951944444444445
SG_014597,0.40089444444444444
SG_014607,0.7194027777777778
SG_014611,0.09417222222222221
SG_014616,0.4012972222222222
SG_014617,0.5220805555555555
SG_014618,0.5635388888888889
SG_014619,0.09536944444444445
SG_014621,0.7328944444444445
SG_014626,0.7391333333333332
SG_014634,0.03783333333333333
SG_014635,0.5980500000000001
SG_014636,0.3315972222222222
SG_014637,0.39027500000000004
SG_014640,0.3909222222222222
SG_014641,0.5133333333333333
SG_014645,0.2520805555555556
SG_014647,0.16955277777777777
SG_014653,0.5602972222222222
SG_014655,0.29057222222222223
SG_014656,0.976775
SG_014657,0.976625
SG_014660,0.6765555555555555
SG_014667,0.16175277777777777
SG_014672,0.5916222222222222
SG_014677,0.16711944444444446
SG_014680,0.6533944444444445
SG_014681,0.8689833333333332
SG_014687,0.76205
SG_014690,0.7095
SG_014691,0.40516388888888893
SG_014700,0.8560055555555555
SG_014701,0.9377444444444445
SG_014702,0.59765
SG_014703,0.13755
SG_014712,0.7826472222222222
SG_014713,0.24380555555555558
SG_014718,0.3351722222222222
SG_014720,0.8811611111111111
SG_014723,0.46357499999999996
SG_014729,0.7690527777777778
SG_014731,0.6098916666666666
SG_014733,0.6251388888888889
SG_014735,0.863975
SG_014742,0.033647222222222224
SG_014746,0.1346638888888889
SG_014748,0.09765833333333335
SG_014749,0.3857944444444444
SG_014753,0.3378083333333333
SG_014754,0.36546388888888887
SG_014757,0.2980361111111111
SG_014771,0.3714444444444445
SG_014774,0.7089694444444444
SG_014777,0.28448333333333337
SG_014778,0.9209611111111111
SG_014780,0.36800555555555553
SG_014787,0.8531722222222221
SG_014800,0.4066666666666667
SG_014801,0.9269416666666668
SG_014802,0.41800277777777783
SG_014803,0.7010027777777778
SG_014808,0.13151388888888887
SG_014812,0.1748527777777778
SG_014813,0.0783611111111111
SG_014815,0.863
SG_014824,0.034824999999999995
SG_014825,0.6782055555555556
SG_014827,0.6359916666666666
SG_014830,0.004227777777777778
SG_014834,0.28199722222222223
SG_014839,0.6488305555555556
SG_014844,0.8360194444444444
SG_014865,0.7510277777777778
SG_014866,0.18550277777777777
SG_014867,0.5196194444444444
SG_014871,0.930075
SG_014874,0.3702972222222222
SG_014875,0.658
SG_014879,0.23779444444444445
SG_014880,0.20032222222222223
SG_014882,0.6001444444444445
SG_014885,0.6550638888888889
SG_014887,0.6937361111111111
SG_014894,0.18695555555555557
SG_014895,0.47396111111111106
SG_014898,0.17577777777777776
SG_014900,0.6396138888888889
SG_014906,0.8819666666666667
SG_014909,0.23790000000000003
SG_014914,0.23730277777777778
SG_014919,0.1062388888888889
SG_014921,0.600011111111111
SG_014939,0.9774833333333333
SG_014940,0.8006583333333332
SG_014945,0.5776972222222222
SG_014946,0.062008333333333325
SG_014951,0.9281861111111112
SG_014953,0.9992611111111112
SG_014955,0.650986111111111
SG_014959,0.7279222222222221
SG_014961,0.6316999999999999
SG_014964,0.7282694444444444
SG_014965,0.275525
SG_014966,0.5651277777777778
SG_014969,0.9011722222222222
SG_014972,0.8175194444444445
SG_014976,0.7044222222222222
SG_014979,0.007072222222222222
SG_014980,0.6903916666666667
SG_014984,0.787788888888889
SG_014990,0.022808333333333333
SG_014998,0.1631
SG_014999,0.1469305555555556
SG_015001,0.6864222222222222
SG_015002,0.6321777777777777
SG_015014,0.526988888888889
SG_015015,0.1424138888888889
SG_015021,0.503213888888889
SG_015026,0.5518305555555555
SG_015031,0.8904083333333334
SG_015036,0.34607499999999997
SG_015039,0.06605833333333334
SG_015042,0.4228055555555555
SG_015044,0.4479333333333333
SG_015046,0.7274944444444446
SG_015047,0.8300500000000001
SG_015050,0.1228888888888889
SG_015054,0.5836694444444445
SG_015066,0.4236583333333333
SG_015068,0.9916805555555557
SG_015071,0.3941027777777778
SG_015075,0.06521666666666666
SG_015076,0.08560833333333333
SG_015081,0.7439944444444445
SG_015082,0.5175805555555556
SG_015085,0.1767111111111111
SG_015093,0.8052694444444445
SG_015095,0.5664888888888889
SG_015099,0.0728611111111111
SG_015102,0.10275
SG_015103,0.9609194444444444
SG_015111,0.5934583333333333
SG_015112,0.137775
SG_015118,0.21901944444444443
SG_015125,0.4663055555555556
SG_015126,0.5077472222222222
SG_015127,0.36628055555555555
SG_015129,0.4053305555555556
SG_015134,0.4331777777777778
SG_015135,0.4471861111111111
SG_015137,0.25198055555555554
SG_015138,0.9719361111111111
SG_015144,0.7549361111111111
SG_015146,0.5152249999999999
SG_015152,0.47978888888888893
SG_015155,0.3292333333333333
SG_015158,0.8216277777777777
SG_015159,0.35112222222222217
SG_015161,0.7936000000000001
SG_015165,0.7940222222222222
SG_015167,0.5435583333333334
SG_015169,0.8274694444444445
SG_015176,0.9826944444444443
SG_015180,0.41367222222222216
SG_015183,0.5862361111111111
SG_015189,0.4014111111111111
SG_015190,0.1417027777777778
SG_015192,0.2671805555555556
SG_015195,0.17232222222222224
SG_015197,0.6160805555555556
SG_015201,0.7714472222222223
SG_015202,0.14487222222222224
SG_015214,0.34710555555555556
SG_015215,0.6719944444444444
SG_015217,0.24856666666666669
SG_015222,0.26258055555555554
SG_015224,0.1362888888888889
SG_015235,0.2641861111111111
SG_015239,0.27371944444444446
SG_015246,0.2087722222222222
SG_015251,0.3093444444444444
SG_015252,0.866486111111111
SG_015256,0.6503222222222222
SG_015257,0.7546527777777777
SG_015261,0.3010805555555556
SG_015262,0.6117444444444444
SG_015263,0.4611083333333333
SG_015269,0.42344722222222225
SG_015270,0.3124388888888889
SG_015272,0.3439666666666667
SG_015276,0.9768444444444444
SG_015277,0.10746666666666665
SG_015278,0.1688361111111111
SG_015279,0.7439611111111111
SG_015280,0.7277194444444445
SG_015283,0.6518972222222222
SG_015284,0.6917749999999999
SG_015289,0.9472611111111111
SG_015290,0.212625
SG_015294,0.504461111111111
SG_015296,0.2483527777777778
SG_015297,0.9867694444444445
SG_015302,0.07972777777777777
SG_015304,0.9244722222222221
SG_015308,0.5106111111111111
SG_015309,0.66385
SG_015312,0.74505
SG_015317,0.8997611111111111
SG_015322,0.3874916666666666
SG_015323,0.6004888888888888
SG_015326,0.6961277777777778
SG_015329,0.1323277777777778
SG_015337,0.32182777777777777
SG_015339,0.5461583333333334
SG_015340,0.12068611111111112
SG_015341,0.7732833333333333
SG_015346,0.4650944444444444
SG_015348,0.2267972222222222
SG_015349,0.7146777777777777
SG_015351,0.8492805555555556
SG_015355,0.2283638888888889
SG_015356,0.7385611111111111
SG_015360,0.4589833333333333
SG_015361,0.6532111111111111
SG_015362,0.9463055555555555
SG_015363,0.09440277777777777
SG_015369,0.41328611111111113
SG_015372,0.4398472222222222
SG_015375,0.1874888888888889
SG_015381,0.8247861111111112
SG_015382,0.2043638888888889
SG_015383,0.15304722222222222
SG_015384,0.8221722222222222
SG_015388,0.5124416666666667
SG_015395,0.28116944444444447
SG_015397,0.28455277777777777
SG_015399,0.46717777777777775
SG_015400,0.8267861111111112
SG_015401,0.30972222222222223
SG_015402,0.6548916666666668
SG_015403,0.760461111111111
SG_015406,0.40317777777777775
SG_015412,0.8679277777777777
SG_015421,0.9163333333333333
SG_015424,0.5567277777777778
SG_015425,0.4800888888888889
SG_015428,0.38976944444444445
SG_015430,0.4111222222222223
SG_015431,0.24505555555555555
SG_015439,0.23637222222222223
SG_015440,0.015336111111111111
SG_015446,0.6086333333333332
SG_015447,0.523925
SG_015448,0.3519416666666667
SG_015452,0.4241277777777777
SG_015454,0.8784472222222223
SG_015458,0.800861111111111
SG_015462,0.5266527777777777
SG_015463,0.7504027777777776
SG_015464,0.5929583333333334
SG_015466,0.27442222222222223
SG_015467,0.7586638888888889
SG_015470,0.2127166666666667
SG_015473,0.43693333333333334
SG_015479,0.22021388888888888
SG_015481,0.7945055555555556
SG_015483,0.6155916666666666
SG_015492,0.9614222222222222
SG_015495,0.19843055555555558
SG_015498,0.5882222222222222
SG_015503,0.26590555555555556
SG_015507,0.6591666666666667
SG_015512,0.18856111111111112
SG_015514,0.46752222222222223
SG_015517,0.7470805555555556
SG_015520,0.9652833333333333
SG_015524,0.45219722222222225
SG_015526,0.6503361111111111
SG_015527,0.09462222222222222
SG_015535,0.3226722222222222
SG_015537,0.7375916666666666
SG_015538,0.7596972222222222
SG_015540,0.9010694444444445
SG_015542,0.099175
SG_015543,0.8746861111111112
SG_015544,0.5995972222222222
SG_015546,0.9302916666666666
SG_015547,0.6213833333333334
SG_015550,0.1423361111111111
SG_015556,0.41785555555555554
SG_015558,0.528925
SG_015559,0.9413916666666667
SG_015560,0.47560555555555556
SG_015562,0.0273
SG_015565,0.3466944444444444
SG_015568,0.8880805555555557
SG_015572,0.22571388888888888
SG_015576,0.014425
SG_015578,0.004716666666666666
SG_015580,0.23465555555555556
SG_015582,0.2742527777777778
SG_015584,0.4949833333333333
SG_015585,0.4786472222222222
SG_015586,0.48639444444444446
SG_015587,0.2576805555555555
SG_015589,0.8907861111111111
SG_015590,0.2830361111111111
SG_015591,0.8102611111111111
SG_015593,0.4520888888888889
SG_015597,0.6331666666666667
SG_015598,0.7296944444444443
SG_015600,0.8692472222222223
SG_015606,0.9311277777777778
SG_015613,0.6589555555555556
SG_015615,0.8957166666666667
SG_015617,0.456625
SG_015619,0.4431916666666666
SG_015623,0.5720138888888889
SG_015627,0.7464111111111112
SG_015637,0.17459166666666667
SG_015641,0.4981083333333334
SG_015644,0.7034805555555556
SG_015649,0.14698055555555556
SG_015654,0.9841722222222221
SG_015655,0.9378361111111111
SG_015656,0.09406944444444446
SG_015659,0.4517944444444444
SG_015662,0.9915694444444444
SG_015664,0.21882500000000002
SG_015671,0.8894916666666667
SG_015675,0.05037222222222223
SG_015678,0.33495833333333336
SG_015680,0.44197222222222227
SG_015681,0.15864444444444445
SG_015682,0.6878361111111111
SG_015684,0.14977222222222225
SG_015693,0.6280166666666668
SG_015708,0.7620222222222222
SG_015715,0.4748972222222222
SG_015716,0.5621166666666666
SG_015718,0.044894444444444445
SG_015721,0.5773583333333333
SG_015724,0.7432472222222223
SG_015726,0.7308527777777778
SG_015729,0.27064444444444447
SG_015730,0.8333416666666665
SG_015735,0.1417138888888889
SG_015738,0.8471861111111111
SG_015743,0.18330833333333332
SG_015744,0.13593333333333332
SG_015746,0.1529
SG_015756,0.6027055555555556
SG_015762,0.6100694444444444
SG_015763,0.39268333333333333
SG_015766,0.5812666666666667
SG_015769,0.8368694444444446
SG_015770,0.5290472222222221
SG_015772,0.19355277777777777
SG_015773,0.9201888888888888
SG_015780,0.4030638888888889
SG_015790,0.4535666666666667
SG_015797,0.40968611111111114
SG_015806,0.019605555555555553
SG_015810,0.5703388888888888
SG_015815,0.22521666666666665
SG_015817,0.8522555555555554
SG_015818,0.6954916666666666
SG_015819,0.4893972222222222
SG_015820,0.6457916666666667
SG_015827,0.7490749999999999
SG_015828,0.14781111111111112
SG_015829,0.3686305555555556
SG_015832,0.5536805555555555
SG_015833,0.6844583333333333
SG_015834,0.17809999999999998
SG_015838,0.8994833333333333
SG_015840,0.31198055555555554
SG_015842,0.36568611111111116
SG_015845,0.07981111111111111
SG_015849,0.39441388888888895
SG_015857,0.3174638888888889
SG_015859,0.0053527777777777775
SG_015860,0.9689388888888889
SG_015867,0.321225
SG_015873,0.726111111111111
SG_015878,0.562375
SG_015879,0.04873888888888889
SG_015880,0.7154583333333333
SG_015881,0.08624444444444444
SG_015884,0.2459111111111111
SG_015885,0.12959722222222222
SG_015891,0.29870277777777776
SG_015893,0.5574972222222223
SG_015898,0.5397861111111112
SG_015900,0.6775194444444445
SG_015901,0.23544444444444443
SG_015907,0.5409722222222222
SG_015908,0.6327138888888889
SG_015910,0.8462277777777778
SG_015914,0.5999388888888889
SG_015917,0.9420833333333334
SG_015921,0.9475555555555557
SG_015922,0.7016916666666666
SG_015928,0.9491194444444444
SG_015939,0.543625
SG_015940,0.043074999999999995
SG_015942,0.8501083333333332
SG_015943,0.9481999999999999
SG_015947,0.29546388888888886
SG_015950,0.5473583333333333
SG_015951,0.7969749999999999
SG_015955,0.21875
SG_015964,0.6546722222222223
SG_015965,0.3296777777777778
SG_015972,0.34204444444444443
SG_015973,0.2615944444444444
SG_015975,0.023327777777777777
SG_015977,0.713486111111111
SG_015978,0.9067416666666668
SG_015979,0.980538888888889
SG_015980,0.2934666666666667
SG_015981,0.6609944444444446
SG_015985,0.892825
SG_015988,0.24116944444444444
SG_015989,0.8282388888888889
SG_015990,0.6551611111111112
SG_015998,0.6142666666666667
SG_015999,0.04058055555555556
SG_016002,0.5612138888888889
SG_016003,0.12437222222222223
SG_016004,0.4497222222222222
SG_016008,0.992825
SG_016010,0.9467166666666667
SG_016013,0.7422388888888889
SG_016015,0.46927499999999994
SG_016020,0.08050277777777777
SG_016021,0.6168944444444444
SG_016022,0.123375
SG_016027,0.9231222222222223
SG_016028,0.29343055555555553
SG_016029,0.3207638888888889
SG_016030,0.9860833333333333
SG_016045,0.4268861111111111
SG_016048,0.5019972222222223
SG_016049,0.1801027777777778
SG_016054,0.9949083333333333
SG_016056,0.4933
SG_016060,0.6977222222222221
SG_016065,0.1507138888888889
SG_016081,0.031325
SG_016085,0.15318055555555554
SG_016089,0.42328888888888894
SG_016091,0.7747083333333333
SG_016092,0.39771388888888887
SG_016101,0.9277944444444444
SG_016102,0.7775305555555556
SG_016103,0.6635527777777778
SG_016108,0.05384722222222223
SG_016109,0.657036111111111
SG_016111,0.879
SG_016113,0.27291666666666664
SG_016114,0.26303055555555555
SG_016115,0.5391805555555556
SG_016116,0.7979944444444443
SG_016119,0.14206944444444444
SG_016124,0.05863333333333333
SG_016127,0.4600277777777778
SG_016132,0.9432166666666666
SG_016133,0.23467500000000002
SG_016134,0.5450888888888888
SG_016138,0.1637833333333333
SG_016140,0.6923833333333334
SG_016146,0.92165
SG_016147,0.2842222222222222
SG_016156,0.8921194444444444
SG_016158,0.3191111111111111
SG_016159,0.8094305555555555
SG_016160,0.023469444444444442
SG_016161,0.13988611111111113
SG_016163,0.744763888888889
SG_016164,0.7078944444444445
SG_016165,0.7812166666666667
SG_016166,0.09864722222222222
SG_016171,0.6725944444444444
SG_016172,0.9181166666666666
SG_016174,0.4901472222222222
SG_016176,0.49425277777777776
SG_016179,0.9887277777777778
SG_016181,0.6973277777777779
SG_016183,0.028691666666666667
SG_016185,0.6248499999999999
SG_016186,0.1339138888888889
SG_016187,0.008852777777777777
SG_016188,0.8527166666666667
SG_016190,0.06541666666666666
SG_016194,0.9466416666666667
SG_016195,0.23656944444444442
SG_016196,0.9044305555555556
SG_016197,0.5932611111111111
SG_016211,0.27240000000000003
SG_016214,0.9221361111111112
SG_016215,0.6669277777777778
SG_016219,0.42041944444444446
SG_016221,0.6487694444444444
SG_016222,0.4410111111111111
SG_016224,0.28346944444444444
SG_016225,0.7061222222222223
SG_016233,0.47367777777777775
SG_016234,0.34672222222222226
SG_016235,0.2904555555555555
SG_016238,0.017094444444444443
SG_016242,0.7207638888888889
SG_016244,0.1629611111111111
SG_016245,0.04597777777777778
SG_016246,0.7439166666666667
SG_016249,0.5056472222222222
SG_016251,0.9182777777777776
SG_016252,0.9913055555555557
SG_016259,0.6426138888888889
SG_016262,0.6811527777777778
SG_016263,0.19225833333333336
SG_016268,0.5835111111111111
SG_016270,0.17447222222222222
SG_016272,0.9558416666666666
SG_016273,0.861836111111111
SG_016275,0.8960638888888889
SG_016278,0.6827083333333334
SG_016282,0.7989361111111112
SG_016285,0.38630000000000003
SG_016289,0.753125
SG_016292,0.3033444444444444
SG_016297,0.276125
SG_016299,0.6893583333333334
SG_016310,0.47650833333333337
SG_016315,0.23186111111111113
SG_016316,0.6980694444444443
SG_016318,0.2416833333333333
SG_016324,0.14455555555555555
SG_016326,0.5779583333333334
SG_016327,0.900788888888889
SG_016330,0.006941666666666668
SG_016331,0.7785694444444445
SG_016332,0.006252777777777777
SG_016333,0.7766027777777778
SG_016334,0.31590555555555555
SG_016337,0.158525
SG_016341,0.7482305555555555
SG_016343,0.2619111111111111
SG_016345,0.8909555555555556
SG_016346,0.05690833333333333
SG_016349,0.5692194444444444
SG_016351,0.13537777777777776
SG_016352,0.010880555555555555
SG_016354,0.5046527777777777
SG_016363,0.6295111111111111
SG_016372,0.6787055555555556
SG_016375,0.39242777777777776
SG_016382,0.2895027777777778
SG_016384,0.5216333333333334
SG_016386,0.06603333333333333
SG_016389,0.390375
SG_016392,0.5485777777777778
SG_016393,0.5091694444444445
SG_016394,0.8836416666666668
SG_016401,0.3780444444444444
SG_016402,0.5382694444444445
SG_016405,0.9831555555555556
SG_016414,0.49996666666666667
SG_016421,0.14228888888888888
SG_016424,0.5459972222222222
SG_016425,0.4663111111111111
SG_016429,0.15928333333333333
SG_016431,0.6938805555555556
SG_016432,0.7323999999999999
SG_016435,0.8156138888888889
SG_016436,0.8808555555555555
SG_016443,0.10060555555555556
SG_016445,0.49475833333333336
SG_016450,0.8177083333333334
SG_016452,0.4736944444444445
SG_016456,0.8786361111111111
SG_016462,0.09995555555555556
SG_016463,0.42048333333333326
SG_016474,0.8532416666666667
SG_016482,0.4783833333333334
SG_016488,0.3729916666666667
SG_016502,0.08060277777777777
SG_016503,0.8077333333333333
SG_016507,0.6926583333333333
SG_016508,0.32816666666666666
SG_016511,0.1974972222222222
SG_016512,0.9354722222222221
SG_016517,0.4719416666666667
SG_016518,0.9788027777777778
SG_016520,0.3497611111111111
SG_016522,0.9379833333333334
SG_016524,0.31347777777777774
SG_016526,0.7202611111111111
SG_016528,0.7593027777777778
SG_016529,0.5230527777777778
SG_016532,0.9303027777777778
SG_016535,0.1774138888888889
SG_016537,0.022902777777777782
SG_016539,0.015166666666666667
SG_016542,0.45071944444444445
SG_016545,0.38406111111111113
SG_016547,0.34472222222222226
SG_016548,0.22942500000000002
SG_016554,0.9082083333333333
SG_016562,0.7730916666666665
SG_016563,0.5832972222222222
SG_016566,0.1313277777777778
SG_016567,0.32855277777777775
SG_016580,0.45805277777777775
SG_016581,0.48305555555555557
SG_016585,0.8523333333333334
SG_016600,0.35846388888888886
SG_016603,0.8798666666666667
SG_016604,0.1725583333333333
SG_016606,0.7766472222222222
SG_016609,0.4989777777777778
SG_016612,0.7658833333333334
SG_016613,0.426525
SG_016614,0.4940583333333334
SG_016623,0.14582222222222224
SG_016625,0.985775
SG_016632,0.8369722222222221
SG_016634,0.13679166666666667
SG_016637,0.758225
SG_016641,0.5517083333333334
SG_016646,0.18313333333333331
SG_016647,0.16346944444444444
SG_016660,0.03291111111111111
SG_016662,0.8076305555555555
SG_016670,0.8643222222222222
SG_016671,0.2181722222222222
SG_016673,0.1395361111111111
SG_016675,0.5814388888888888
SG_016685,0.4631972222222222
SG_016689,0.9285333333333333
SG_016690,0.48360833333333336
SG_016691,0.01648611111111111
SG_016692,0.6075916666666666
SG_016696,0.795675
SG_016698,0.01781388888888889
SG_016699,0.09162222222222223
SG_016703,0.14393888888888887
SG_016704,0.7922777777777776
SG_016705,0.6318138888888889
SG_016708,0.8019138888888889
SG_016710,0.35231666666666667
SG_016711,0.624325
SG_016714,0.6038083333333333
SG_016716,0.030827777777777777
SG_016719,0.7808277777777777
SG_016720,0.1534361111111111
SG_016721,0.07059166666666666
SG_016723,0.060769444444444445
SG_016732,0.7279027777777778
SG_016733,0.8283999999999999
SG_016736,0.06562777777777777
SG_016737,0.16550555555555554
SG_016738,0.4275333333333333
SG_016741,0.8748944444444444
SG_016745,0.8779916666666666
SG_016746,0.37815000000000004
SG_016752,0.42926666666666663
SG_016754,0.22235555555555553
SG_016758,0.5104305555555555
SG_016763,0.20462777777777777
SG_016765,0.3402305555555556
SG_016769,0.186375
SG_016776,0.7014138888888889
SG_016778,0.9380861111111111
SG_016779,0.7318861111111111
SG_016780,0.8903083333333334
SG_016783,0.8678583333333333
SG_016785,0.4050416666666667
SG_016786,0.6236222222222222
SG_016792,0.7799972222222222
SG_016793,0.24963611111111111
SG_016794,0.8509583333333334
SG_016805,0.3875555555555556
SG_016807,0.26069722222222225
SG_016810,0.34584444444444445
SG_016813,0.4184194444444444
SG_016818,0.6931111111111111
SG_016819,0.35396944444444445
SG_016823,0.8868416666666668
SG_016827,0.39467500000000005
SG_016828,0.46551388888888884
SG_016832,0.7919083333333333
SG_016834,0.9656305555555554
SG_016837,0.8624416666666666
SG_016840,0.12144722222222223
SG_016843,0.9742277777777778
SG_016847,0.3940083333333333
SG_016849,0.32108333333333333
SG_016851,0.5868277777777778
SG_016857,0.2466638888888889
SG_016858,0.9734805555555556
SG_016859,0.4690555555555555
SG_016861,0.6136
SG_016863,0.4481722222222222
SG_016874,0.9615694444444445
SG_016877,0.2786722222222222
SG_016881,0.9091027777777778
SG_016885,0.47396666666666665
SG_016887,0.8563305555555556
SG_016888,0.5988277777777777
SG_016891,0.6020194444444444
SG_016893,0.11558333333333333
SG_016895,0.9215833333333333
SG_016900,0.6165111111111111
SG_016902,0.6693694444444444
SG_016904,0.5308277777777778
SG_016909,0.24703611111111112
SG_016911,0.8097166666666668
SG_016924,0.022280555555555557
SG_016925,0.4193138888888889
SG_016928,0.5268333333333334
SG_016937,0.006852777777777778
SG_016939,0.784725
SG_016941,0.6989222222222221
SG_016944,0.94465
SG_016946,0.43326388888888884
SG_016951,0.5475555555555556
SG_016961,0.9458027777777778
SG_016963,0.42968055555555557
SG_016967,0.5601361111111111
SG_016968,0.7551000000000001
SG_016971,0.7249833333333333
SG_016973,0.5625166666666667
SG_016974,0.29578055555555555
SG_016975,0.6075083333333333
SG_016976,0.3020833333333333
SG_016986,0.2799888888888889
SG_016989,0.8420916666666667
SG_016990,0.8638
SG_017003,0.5794805555555556
SG_017005,0.14535277777777778
SG_017006,0.12993055555555555
SG_017016,0.3322305555555556
SG_017018,0.5352916666666667
SG_017021,0.3541611111111111
SG_017026,0.19042222222222221
SG_017028,0.4438888888888889
SG_017040,0.6836055555555556
SG_017043,0.1478472222222222
SG_017044,0.8467527777777777
SG_017046,0.9411555555555555
SG_017048,0.316025
SG_017049,0.27541666666666664
SG_017050,0.13063333333333332
SG_017055,0.6471583333333333
SG_017056,0.23640277777777774
SG_017062,0.09795555555555556
SG_017067,0.19836666666666666
SG_017070,0.469675
SG_017071,0.8893027777777778
SG_017076,0.5631888888888889
SG_017077,0.607875
SG_017079,0.03711388888888889
SG_017080,0.0480138888888889
SG_017085,0.8713916666666667
SG_017098,0.35091666666666665
SG_017103,0.32805
SG_017110,0.8173944444444444
SG_017111,0.842
SG_017114,0.09471111111111111
SG_017116,0.9494722222222223
SG_017123,0.07285833333333333
SG_017124,0.7527166666666667
SG_017126,0.1829888888888889
SG_017127,0.3179777777777778
SG_017130,0.5260472222222222
SG_017139,0.7828888888888889
SG_017144,0.29136944444444446
SG_017145,0.36575833333333335
SG_017146,0.7055638888888889
SG_017154,0.44416388888888886
SG_017158,0.8474388888888889
SG_017170,0.6558722222222223
SG_017171,0.7119222222222221
SG_017172,0.21749444444444446
SG_017182,0.037183333333333325
SG_017187,0.2263083333333333
SG_017190,0.8668888888888888
SG_017192,0.46733888888888886
SG_017193,0.4346305555555556
SG_017195,0.6137222222222222
SG_017202,0.6782027777777778
SG_017206,0.3604555555555556
SG_017208,0.6285361111111111
SG_017213,0.6017472222222222
SG_017218,0.08841388888888889
SG_017220,0.7631611111111112
SG_017223,0.24194444444444446
SG_017224,0.6850305555555556
SG_017225,0.5587083333333334
SG_017227,0.44944999999999996
SG_017228,0.7110083333333332
SG_017230,0.3836333333333334
SG_017232,0.860586111111111
SG_017235,0.5263972222222222
SG_017239,0.6931694444444444
SG_017241,0.8653388888888888
SG_017245,0.15968333333333334
SG_017250,0.9491444444444445
SG_017254,0.0898611111111111
SG_017255,0.5103305555555556
SG_017266,0.1574722222222222
SG_017269,0.377575
SG_017272,0.4033555555555555
SG_017276,0.36346944444444446
SG_017279,0.1341111111111111
SG_017281,0.1240111111111111
SG_017287,0.8694416666666666
SG_017288,0.30164166666666664
SG_017292,0.4998944444444445
SG_017294,0.7588666666666667
SG_017296,0.10864722222222221
SG_017303,0.21376388888888886
SG_017304,0.5939555555555556
SG_017309,0.8912305555555555
SG_017311,0.41039444444444445
SG_017316,0.0016138888888888889
SG_017317,0.8603166666666666
SG_017318,0.7616472222222223
SG_017323,0.5691444444444445
SG_017328,0.6796916666666667
SG_017338,0.6374305555555555
SG_017339,0.7495750000000001
SG_017347,0.6153527777777777
SG_017348,0.2053361111111111
SG_017349,0.24751666666666666
SG_017350,0.408475
SG_017354,0.3084166666666667
SG_017358,0.8508444444444444
SG_017360,0.12298055555555558
SG_017361,0.4975138888888889
SG_017364,0.9093027777777778
SG_017368,0.34958333333333336
SG_017373,0.4775972222222222
SG_017376,0.6716277777777778
SG_017383,0.8308111111111112
SG_017385,0.17752500000000002
SG_017391,0.5653833333333333
SG_017399,0.918325
SG_017402,0.001275
SG_017405,0.1642611111111111
SG_017406,0.20143333333333333
SG_017416,0.42263888888888884
SG_017419,0.6713972222222223
SG_017421,0.26653333333333334
SG_017423,0.9006583333333334
SG_017425,0.7536388888888889
SG_017428,0.4106083333333333
SG_017431,0.5236055555555555
SG_017432,0.9086361111111111
SG_017438,0.9910861111111111
SG_017439,0.002947222222222222
SG_017445,0.030880555555555557
SG_017448,0.0177
SG_017452,0.5418555555555555
SG_017454,0.7092027777777778
SG_017457,0.3859777777777778
SG_017458,0.45258333333333334
SG_017464,0.3243555555555555
SG_017465,0.2480222222222222
SG_017466,0.8968722222222223
SG_017467,0.9056666666666666
SG_017475,0.18081388888888886
SG_017479,0.5534638888888889
SG_017480,0.0002111111111111111
SG_017481,0.7660305555555555
SG_017482,0.27300277777777776
SG_017484,0.3598388888888889
SG_017486,0.5227694444444445
SG_017501,0.39050555555555555
SG_017504,0.4221138888888889
SG_017507,0.5758916666666667
SG_017509,0.23461111111111113
SG_017513,0.285375
SG_017514,0.6672666666666667
SG_017516,0.09972777777777778
SG_017518,0.12341666666666666
SG_017521,0.7812888888888889
SG_017526,0.43674166666666664
SG_017529,0.09431388888888889
SG_017532,0.09603055555555555
SG_017535,0.5727166666666667
SG_017537,0.3100527777777778
SG_017538,0.42848333333333327
SG_017542,0.3417416666666666
SG_017545,0.9789972222222223
SG_017549,0.9265277777777777
SG_017557,0.3814
SG_017559,0.7300222222222222
SG_017560,0.29711944444444444
SG_017562,0.6497833333333334
SG_017563,0.8408027777777778
SG_017565,0.4487583333333333
SG_017572,0.4614416666666667
SG_017575,0.9406083333333333
SG_017577,0.6108638888888889
SG_017578,0.08207222222222223
SG_017579,0.9423
SG_017580,0.23375277777777778
SG_017581,0.8786638888888889
SG_017589,0.5658861111111111
SG_017590,0.19390833333333335
SG_017594,0.8121222222222223
SG_017597,0.38261944444444446
SG_017604,0.8629194444444444
SG_017605,0.6008305555555556
SG_017606,0.7227527777777777
SG_017607,0.2826638888888889
SG_017611,0.8100166666666667
SG_017615,0.23656111111111114
SG_017616,0.1608777777777778
SG_017617,0.9219750000000001
SG_017621,0.3890416666666667
SG_017622,0.5987833333333333
SG_017629,0.5393388888888889
SG_017630,0.07355833333333334
SG_017634,0.45074166666666665
SG_017639,0.2595777777777778
SG_017642,0.3332777777777778
SG_017646,0.8904222222222221
SG_017657,0.8522527777777777
SG_017658,0.7260805555555556
SG_017667,0.1618361111111111
SG_017673,0.6099833333333333
SG_017674,0.3507194444444444
SG_017677,0.040994444444444444
SG_017679,0.15157500000000002
SG_017683,0.36686944444444447
SG_017687,0.035513888888888887
SG_017689,0.935138888888889
SG_017691,0.152225
SG_017693,0.6784666666666667
SG_017696,0.5802250000000001
SG_017697,0.557725
SG_017702,0.07063333333333334
SG_017703,0.9924138888888889
SG_017709,0.03203888888888889
SG_017714,0.24007222222222224
SG_017715,0.8382944444444445
SG_017718,0.7729194444444444
SG_017719,0.44674722222222224
SG_017728,0.8149333333333334
SG_017729,0.4088027777777778
SG_017739,0.45600277777777776
SG_017743,0.176125
SG_017745,0.08008888888888889
SG_017746,0.02468333333333334
SG_017749,0.9541416666666668
SG_017750,0.6455083333333334
SG_017754,0.3042694444444444
SG_017757,0.8341472222222222
SG_017760,0.9849527777777779
SG_017774,0.8102194444444444
SG_017775,0.10158888888888888
SG_017776,0.17594444444444443
SG_017777,0.8588388888888888
SG_017778,0.5101111111111112
SG_017781,0.5972361111111111
SG_017782,0.8447166666666666
SG_017789,0.5954499999999999
SG_017795,0.41375
SG_017798,0.8310333333333333
SG_017811,0.6251944444444445
SG_017817,0.47381388888888887
SG_017819,0.674838888888889
SG_017822,0.8247444444444445
SG_017827,0.3551388888888889
SG_017830,0.9600888888888888
SG_017832,0.3843527777777778
SG_017834,0.9883888888888889
SG_017838,0.6060861111111111
SG_017840,0.9173166666666666
SG_017847,0.5405055555555556
SG_017851,0.676875
SG_017855,0.9557583333333334
SG_017862,0.008872222222222222
SG_017865,0.29152500000000003
SG_017866,0.33968333333333334
SG_017867,0.5729916666666667
SG_017878,0.5048444444444444
SG_017879,0.04429999999999999
SG_017880,0.23904999999999998
SG_017881,0.11200833333333332
SG_017882,0.45282222222222224
SG_017886,0.30574444444444443
SG_017888,0.16672222222222222
SG_017889,0.3921861111111111
SG_017895,0.799711111111111
SG_017900,0.5790138888888888
SG_017902,0.595625
SG_017907,0.9321055555555555
SG_017909,0.5322888888888889
SG_017910,0.5413111111111111
SG_017913,0.6564527777777778
SG_017914,0.756125
SG_017917,0.8161166666666668
SG_017918,0.8977694444444445
SG_017919,0.052158333333333334
SG_017920,0.793275
SG_017936,0.29185833333333333
SG_017938,0.33668333333333333
SG_017945,0.8942694444444445
SG_017947,0.4457083333333333
SG_017949,0.4046472222222222
SG_017956,0.9363388888888888
SG_017958,0.7421833333333334
SG_017960,0.5072555555555556
SG_017965,0.11219722222222223
SG_017971,0.8399805555555555
SG_017973,0.9206472222222222
SG_017978,0.9457416666666666
SG_017981,0.09526944444444445
SG_017985,0.8455305555555556
SG_017987,0.9829916666666668
SG_017991,0.7924111111111112
SG_017992,0.7394055555555555
SG_018002,0.6323666666666666
SG_018003,0.9735666666666666
SG_018005,0.33039444444444444
SG_018014,0.27910833333333335
SG_018015,0.4064055555555556
SG_018016,0.6179055555555556
SG_018017,0.9514305555555556
SG_018024,0.13355277777777777
SG_018028,0.7124055555555555
SG_018032,0.3190861111111111
SG_018033,0.5936750000000001
SG_018037,0.38763055555555564
SG_018040,0.3513638888888889
SG_018042,0.23955833333333332
SG_018046,0.16169166666666665
SG_018050,0.9701861111111111
SG_018055,0.8949027777777778
SG_018056,0.6733611111111112
SG_018061,0.23461111111111108
SG_018063,0.7690166666666667
SG_018064,0.5487527777777779
SG_018067,0.24878611111111112
SG_018072,0.5376972222222223
SG_018073,0.756163888888889
SG_018074,0.8701722222222221
SG_018076,0.8997722222222222
SG_018080,0.0561388888888889
SG_018084,0.7213861111111111
SG_018088,0.74305
SG_018090,0.6057805555555555
SG_018092,0.8198694444444445
SG_018094,0.8639972222222223
SG_018096,0.26766666666666666
SG_018100,0.7209111111111111
SG_018109,0.7586055555555555
SG_018111,0.08625833333333333
SG_018120,0.9268555555555555
SG_018124,0.9967666666666667
SG_018125,0.5627222222222221
SG_018130,0.5256194444444444
SG_018132,0.7205527777777778
SG_018134,0.2639777777777778
SG_018140,0.36933333333333335
SG_018144,0.055438888888888885
SG_018146,0.8898805555555555
SG_018150,0.5975138888888888
SG_018154,0.9701277777777777
SG_018155,0.1650777777777778
SG_018160,0.003380555555555555
SG_018165,0.5115194444444444
SG_018166,0.302625
SG_018170,0.3796138888888889
SG_018174,0.6134555555555556
SG_018175,0.08952222222222223
SG_018178,0.4008055555555556
SG_018181,0.6456388888888889
SG_018186,0.4047805555555556
SG_018188,0.23930833333333332
SG_018195,0.08717222222222222
SG_018198,0.7469638888888888
SG_018201,0.04031944444444445
SG_018206,0.9355861111111111
SG_018208,0.23602777777777775
SG_018214,0.9739222222222221
SG_018215,0.99295
SG_018216,0.8687611111111111
SG_018221,0.8841416666666667
SG_018224,0.12339444444444445
SG_018228,0.5461472222222222
SG_018229,0.1108
SG_018238,0.13316666666666666
SG_018241,0.03208055555555556
SG_018246,0.5842694444444445
SG_018247,0.18394166666666667
SG_018252,0.9510805555555556
SG_018253,0.1997777777777778
SG_018259,0.8436611111111111
SG_018261,0.12842499999999998
SG_018263,0.8704194444444444
SG_018266,0.32923611111111106
SG_018269,0.702286111111111
SG_018270,0.3322111111111111
SG_018276,0.4533111111111111
SG_018278,0.70655
SG_018281,0.17399444444444445
SG_018282,0.69535
SG_018284,0.6613638888888889
SG_018286,0.0932111111111111
SG_018287,0.5165888888888889
SG_018294,0.10047499999999998
SG_018297,0.45336944444444444
SG_018303,0.8409388888888889
SG_018305,0.8564305555555557
SG_018307,0.14543055555555556
SG_018312,0.6472833333333333
SG_018316,0.3803194444444445
SG_018321,0.2809583333333333
SG_018322,0.6242527777777778
SG_018325,0.011394444444444445
SG_018327,0.244975
SG_018330,0.2619888888888889
SG_018334,0.6582611111111111
SG_018336,0.419125
SG_018338,0.9399416666666666
SG_018341,0.22439166666666666
SG_018342,0.4723027777777778
SG_018347,0.45721111111111107
SG_018348,0.41410833333333336
SG_018351,0.41949444444444445
SG_018360,0.9765222222222222
SG_018361,0.5558166666666667
SG_018364,0.7166722222222222
SG_018366,0.6991722222222222
SG_018368,0.8128472222222222
SG_018372,0.7798388888888889
SG_018379,0.37730277777777776
SG_018381,0.38340277777777776
SG_018386,0.07676666666666666
SG_018387,0.8346750000000001
SG_018388,0.7204722222222223
SG_018394,0.7723
SG_018407,0.46106111111111114
SG_018410,0.309625
SG_018411,0.10488333333333333
SG_018417,0.42601666666666665
SG_018418,0.24651944444444446
SG_018420,0.6719222222222222
SG_018422,0.616825
SG_018424,0.9045416666666667
SG_018426,0.024052777777777777
SG_018427,0.4818055555555555
SG_018430,0.3031861111111111
SG_018433,0.6562
SG_018434,0.6039055555555556
SG_018436,0.9459972222222223
SG_018441,0.4296
SG_018442,0.45934722222222224
SG_018445,0.51785
SG_018448,0.4129888888888889
SG_018452,0.03900833333333333
SG_018455,0.6467055555555556
SG_018458,0.21156388888888886
SG_018462,0.9681333333333334
SG_018468,0.3163888888888889
SG_018469,0.7302333333333333
SG_018470,0.7647055555555556
SG_018471,0.5578555555555555
SG_018472,0.6769888888888889
SG_018474,0.003586111111111111
SG_018476,0.8094666666666667
SG_018481,0.8987916666666667
SG_018485,0.4133527777777778
SG_018487,0.6375166666666667
SG_018490,0.10271388888888888
SG_018491,0.14740833333333334
SG_018493,0.6018944444444445
SG_018494,0.3812305555555555
SG_018497,0.31680277777777777
SG_018501,0.09518055555555555
SG_018503,0.3469111111111111
SG_018505,0.20611666666666667
SG_018506,0.4667111111111111
SG_018510,0.7284194444444444
SG_018511,0.4070638888888889
SG_018514,0.5885277777777779
SG_018519,0.6082638888888888
SG_018520,0.017680555555555554
SG_018524,0.4391027777777778
SG_018525,0.0057777777777777775
SG_018526,0.1768861111111111
SG_018529,0.6992444444444446
SG_018531,0.6828833333333334
SG_018534,0.39929166666666666
SG_018536,0.29947222222222225
SG_018537,0.5376944444444445
SG_018543,0.8253166666666666
SG_018544,0.3573638888888889
SG_018547,0.2197888888888889
SG_018548,0.3924472222222222
SG_018549,0.7771472222222222
SG_018553,0.22170833333333334
SG_018555,0.7360277777777777
SG_018558,0.5152055555555555
SG_018566,0.25683333333333336
SG_018568,0.797013888888889
SG_018569,0.023722222222222224
SG_018573,0.5979888888888889
SG_018576,0.5476611111111112
SG_018579,0.08179444444444445
SG_018587,0.5237611111111111
SG_018591,0.35201666666666664
SG_018594,0.16283333333333333
SG_018601,0.8435333333333335
SG_018603,0.8518499999999999
SG_018608,0.3696361111111111
SG_018611,0.7142027777777779
SG_018612,0.7698638888888889
SG_018615,0.2810861111111111
SG_018617,0.3099305555555556
SG_018621,0.8534777777777778
SG_018623,0.8170944444444445
SG_018624,0.7295333333333333
SG_018631,0.08850277777777778
SG_018636,0.25481944444444443
SG_018637,0.27038055555555557
SG_018639,0.9805416666666666
SG_018644,0.04884444444444445
SG_018645,0.8723805555555555
SG_018647,0.8757305555555556
SG_018650,0.7601333333333333
SG_018651,0.03345833333333333
SG_018662,0.5685833333333333
SG_018663,0.41263333333333335
SG_018664,0.68035
SG_018665,0.5294416666666666
SG_018670,0.9888222222222223
SG_018676,0.5817583333333334
SG_018677,0.040188888888888885
SG_018678,0.7452583333333334
SG_018680,0.36681111111111114
SG_018685,0.5381805555555556
SG_018686,0.8578083333333334
SG_018687,0.4518611111111111
SG_018688,0.32434444444444444
SG_018689,0.08787222222222223
SG_018693,0.3307111111111111
SG_018694,0.29778333333333334
SG_018697,0.6204333333333333
SG_018703,0.4880138888888889
SG_018705,0.8506166666666667
SG_018709,0.005302777777777778
SG_018710,0.9912805555555556
SG_018711,0.8700777777777777
SG_018717,0.09612777777777777
SG_018721,0.7429111111111111
SG_018722,0.6552222222222222
SG_018731,0.5128111111111111
SG_018733,0.8159583333333333
SG_018738,0.3262055555555556
SG_018744,0.66245
SG_018745,0.5169472222222222
SG_018748,0.429875
SG_018756,0.724211111111111
SG_018758,0.7931833333333334
SG_018761,0.22983888888888887
SG_018765,0.3829333333333333
SG_018766,0.9698
SG_018767,0.2997916666666667
SG_018768,0.7821888888888888
SG_018770,0.35361666666666663
SG_018779,0.37458611111111106
SG_018787,0.5149055555555556
SG_018788,0.5410444444444444
SG_018789,0.6757361111111112
SG_018791,0.6082611111111111
SG_018792,0.6384694444444444
SG_018793,0.05379444444444445
SG_018798,0.9503944444444444
SG_018799,0.6397055555555556
SG_018800,0.18175555555555556
SG_018803,0.2246
SG_018806,0.9286861111111111
SG_018809,0.1361361111111111
SG_018811,0.5157944444444444
SG_018817,0.19830277777777777
SG_018818,0.34391388888888885
SG_018821,0.03020277777777778
SG_018822,0.24367777777777777
SG_018823,0.5017444444444443
SG_018826,0.8624388888888889
SG_018831,0.2907472222222222
SG_018834,0.28603055555555557
SG_018837,0.8117916666666667
SG_018838,0.9836833333333334
SG_018842,0.7596499999999999
SG_018843,0.9206000000000001
SG_018847,0.7772444444444445
SG_018850,0.3435944444444444
SG_018852,0.8668861111111111
SG_018853,0.2431027777777778
SG_018859,0.9405138888888889
SG_018861,0.6737055555555556
SG_018875,0.3790833333333333
SG_018883,0.6626361111111111
SG_018885,0.16164444444444445
SG_018889,0.31033333333333335
SG_018890,0.6435083333333333
SG_018894,0.5031472222222222
SG_018895,0.9935861111111111
SG_018899,0.33794444444444444
SG_018901,0.8715499999999998
SG_018902,0.7114555555555556
SG_018904,0.8784916666666667
SG_018905,0.6594166666666667
SG_018906,0.7361944444444445
SG_018907,0.6569305555555555
SG_018908,0.07584444444444445
SG_018915,0.7878999999999999
SG_018918,0.2283388888888889
SG_018920,0.6544666666666668
SG_018924,0.774213888888889
SG_018928,0.7370916666666667
SG_018940,0.2657555555555556
SG_018941,0.30944999999999995
SG_018942,0.6753111111111111
SG_018965,0.9642722222222222
SG_018966,0.23446944444444442
SG_018968,0.2624416666666667
SG_018970,0.60785
SG_018972,0.16109166666666666
SG_018978,0.27863055555555555
SG_018981,0.5515027777777778
SG_018984,0.12105555555555554
SG_018990,0.5105500000000001
SG_019006,0.7833416666666667
SG_019012,0.5368277777777777
SG_019014,0.7496694444444444
SG_019015,0.9548305555555556
SG_019016,0.9002055555555556
SG_019018,0.7527638888888888
SG_019019,0.10939444444444445
SG_019023,0.9693111111111111
SG_019028,0.8513972222222222
SG_019030,0.5127166666666667
SG_019036,0.87325
SG_019038,0.09846388888888888
SG_019039,0.915861111111111
SG_019041,0.7808416666666667
SG_019042,0.2554472222222222
SG_019044,0.9774638888888888
SG_019051,0.4516805555555556
SG_019053,0.6410444444444444
SG_019054,0.6802277777777778
SG_019058,0.8331972222222223
SG_019069,0.14285555555555554
SG_019071,0.011030555555555554
SG_019082,0.43371111111111105
SG_019083,0.24978611111111113
SG_019084,0.76345
SG_019087,0.07894722222222222
SG_019092,0.233525
SG_019098,0.7420055555555555
SG_019102,0.9749222222222221
SG_019105,0.7840611111111111
SG_019106,0.7148916666666667
SG_019109,0.3812861111111111
SG_019115,0.6419138888888889
SG_019117,0.8266055555555555
SG_019119,0.33881666666666665
SG_019120,0.4936
SG_019131,0.34786944444444445
SG_019142,0.9801194444444445
SG_019146,0.4298638888888889
SG_019147,0.5875361111111111
SG_019149,0.06305000000000001
SG_019150,0.4520555555555556
SG_019162,0.36813055555555557
SG_019167,0.6100444444444444
SG_019169,0.27796944444444444
SG_019171,0.019583333333333335
SG_019176,0.8182638888888888
SG_019184,0.37344999999999995
SG_019187,0.5876333333333333
SG_019190,0.09238055555555555
SG_019197,0.6155277777777778
SG_019198,0.2193
SG_019201,0.2639472222222222
SG_019203,0.8265027777777777
SG_019204,0.5560833333333334
SG_019208,0.2189611111111111
SG_019209,0.49789166666666673
SG_019211,0.16172222222222224
SG_019212,0.5816861111111111
SG_019217,0.5526194444444444
SG_019221,0.17161666666666667
SG_019222,0.954875
SG_019223,0.15393888888888888
SG_019225,0.517263888888889
SG_019237,0.8036194444444446
SG_019244,0.745375
SG_019245,0.8204388888888888
SG_019246,0.1439027777777778
SG_019247,0.4039194444444444
SG_019248,0.2424861111111111
SG_019249,0.7244722222222222
SG_019251,0.3044527777777778
SG_019253,0.14953055555555556
SG_019254,0.02854444444444444
SG_019255,0.7103833333333334
SG_019259,0.09354444444444444
SG_019265,0.17574722222222222
SG_019266,0.5862611111111111
SG_019267,0.8986777777777778
SG_019270,0.1064
SG_019271,0.3189305555555556
SG_019272,0.6615972222222223
SG_019273,0.2578972222222222
SG_019274,0.011969444444444444
SG_019275,0.25982777777777777
SG_019276,0.2104527777777778
SG_019282,0.3190472222222222
SG_019286,0.7050527777777778
SG_019289,0.5339222222222222
SG_019295,0.8603500000000001
SG_019296,0.9236777777777778
SG_019298,0.014927777777777778
SG_019300,0.25556111111111113
SG_019302,0.8868444444444444
SG_019311,0.6426444444444445
SG_019314,0.5572305555555556
SG_019315,0.2217388888888889
SG_019316,0.8548111111111111
SG_019321,0.12320833333333334
SG_019325,0.9058999999999999
SG_019326,0.8851888888888889
SG_019328,0.14139444444444446
SG_019330,0.4358138888888889
SG_019333,0.2923
SG_019336,0.6462055555555556
SG_019339,0.5119111111111111
SG_019346,0.2981388888888889
SG_019352,0.5774472222222222
SG_019358,0.8460083333333333
SG_019362,0.9795472222222221
SG_019368,0.10119722222222223
SG_019371,0.4574083333333333
SG_019373,0.9807305555555555
SG_019374,0.845425
SG_019375,0.5697722222222222
SG_019376,0.8722749999999999
SG_019386,0.6037305555555555
SG_019388,0.5257
SG_019394,0.7401888888888889
SG_019398,0.4900388888888889
SG_019408,0.6053916666666667
SG_019411,0.26110833333333333
SG_019419,0.981525
SG_019421,0.8907277777777778
SG_019425,0.36339444444444446
SG_019427,0.34129166666666666
SG_019428,0.7139722222222223
SG_019431,0.13893611111111112
SG_019432,0.3656944444444445
SG_019433,0.6040416666666667
SG_019436,0.7698333333333334
SG_019437,0.8631027777777778
SG_019440,0.02355555555555556
SG_019442,0.7259277777777777
SG_019446,0.5098583333333333
SG_019447,0.15434166666666665
SG_019449,0.2258472222222222
SG_019452,0.09177777777777778
SG_019455,0.7909722222222223
SG_019456,0.30505000000000004
SG_019458,0.7015972222222222
SG_019466,0.3893722222222223
SG_019468,0.9815833333333334
SG_019470,0.6349777777777778
SG_019471,0.5315222222222222
SG_019473,0.1507888888888889
SG_019478,0.4305138888888889
SG_019485,0.9938777777777777
SG_019488,0.7264111111111112
SG_019489,0.5513083333333334
SG_019491,0.6230111111111111
SG_019496,0.648411111111111
SG_019498,0.27658333333333335
SG_019510,0.8882333333333333
SG_019516,0.042027777777777775
SG_019519,0.19595277777777778
SG_019523,0.5422444444444444
SG_019527,0.05875555555555556
SG_019530,0.6778194444444445
SG_019532,0.24528333333333335
SG_019534,0.3727305555555555
SG_019540,0.6590944444444444
SG_019541,0.39179722222222224
SG_019543,0.5971055555555556
SG_019553,0.26407499999999995
SG_019558,0.3784194444444444
SG_019562,0.31594999999999995
SG_019563,0.5753305555555556
SG_019564,0.6795138888888889
SG_019567,0.11376944444444442
SG_019570,0.8277583333333334
SG_019577,0.41610555555555556
SG_019583,0.8717611111111111
SG_019585,0.8190861111111111
SG_019587,0.7586138888888889
SG_019588,0.011816666666666668
SG_019591,0.2277833333333333
SG_019593,0.20698055555555553
SG_019598,0.13212222222222222
SG_019599,0.5727055555555556
SG_019602,0.9721555555555556
SG_019609,0.8225555555555555
SG_019620,0.7746083333333332
SG_019621,0.04365555555555556
SG_019624,0.9206805555555555
SG_019625,0.6406944444444445
SG_019627,0.0021833333333333336
SG_019635,0.1167388888888889
SG_019638,0.21281944444444445
SG_019639,0.008908333333333334
SG_019642,0.9902055555555556
SG_019645,0.37723333333333336
SG_019647,0.935911111111111
SG_019648,0.29080277777777774
SG_019650,0.27646666666666664
SG_019652,0.44532222222222223
SG_019654,0.7960194444444445
SG_019657,0.7301888888888889
SG_019660,0.25813055555555553
SG_019661,0.2096361111111111
SG_019662,0.5291694444444444
SG_019665,0.3419805555555555
SG_019666,0.580386111111111
SG_019667,0.5538361111111111
SG_019676,0.5179444444444445
SG_019679,0.9345222222222223
SG_019680,0.8265333333333333
SG_019683,0.5256000000000001
SG_019689,0.3786527777777777
SG_019690,0.7399083333333333
SG_019691,0.6254277777777778
SG_019695,0.19648333333333334
SG_019698,0.3182388888888889
SG_019710,0.22539166666666666
SG_019711,0.4131722222222222
SG_019716,0.1433472222222222
SG_019724,0.2835361111111111
SG_019727,0.9589
SG_019728,0.12866111111111111
SG_019729,0.16084722222222222
SG_019733,0.9807194444444445
SG_019738,0.48050833333333337
SG_019740,0.3247222222222222
SG_019746,0.6902916666666666
SG_019747,0.7606916666666667
SG_019750,0.5011166666666667
SG_019755,0.9597083333333334
SG_019756,0.6436611111111111
SG_019761,0.24164999999999998
SG_019764,0.13739722222222223
SG_019766,0.41075555555555554
SG_019767,0.2753722222222222
SG_019769,0.8512861111111111
SG_019779,0.04965555555555556
SG_019782,0.4096583333333333
SG_019783,0.5636055555555556
SG_019784,0.22058333333333333
SG_019791,0.22042777777777778
SG_019792,0.3048111111111111
SG_019793,0.9430083333333333
SG_019797,0.12867222222222222
SG_019800,0.9094805555555555
SG_019801,0.41135555555555553
SG_019802,0.22055277777777776
SG_019804,0.2457611111111111
SG_019807,0.8667111111111111
SG_019809,0.8093
SG_019811,0.4361611111111111
SG_019812,0.47565277777777776
SG_019819,0.5204444444444445
SG_019828,0.149675
SG_019830,0.27744444444444444
SG_019832,0.15345
SG_019835,0.2773055555555556
SG_019838,0.4016277777777778
SG_019839,0.31337222222222216
SG_019842,0.8483222222222222
SG_019846,0.8473305555555556
SG_019849,0.053191666666666665
SG_019851,0.9221138888888889
SG_019852,0.07469444444444445
SG_019853,0.64095
SG_019854,0.7449388888888888
SG_019857,0.6305694444444443
SG_019858,0.8072583333333334
SG_019859,0.8105972222222223
SG_019864,0.8619305555555555
SG_019865,0.6147888888888889
SG_019868,0.6986861111111111
SG_019869,0.9284277777777777
SG_019873,0.05335277777777778
SG_019878,0.5970638888888888
SG_019883,0.9674333333333333
SG_019887,0.2510305555555556
SG_019888,0.1482111111111111
SG_019895,0.5016388888888889
SG_019900,0.15380555555555556
SG_019903,0.18115833333333334
SG_019906,0.9184055555555556
SG_019909,0.19616944444444445
SG_019910,0.2661111111111111
SG_019913,0.8154055555555556
SG_019914,0.465125
SG_019921,0.38744999999999996
SG_019923,0.6108583333333334
SG_019928,0.9699083333333333
SG_019930,0.9756638888888889
SG_019933,0.3587722222222222
SG_019939,0.3135111111111111
SG_019941,0.769675
SG_019944,0.3690833333333333
SG_019945,0.5535277777777778
SG_019947,0.2779972222222222
SG_019949,0.7841
SG_019950,0.5355444444444445
SG_019954,0.48892500000000005
SG_019955,0.5914027777777778
SG_019960,0.15938333333333332
SG_019961,0.9200027777777777
SG_019966,0.8267611111111111
SG_019968,0.6089138888888889
SG_019970,0.38191388888888894
SG_019973,0.08055277777777779
SG_019974,0.62205
SG_019976,0.557275
SG_019978,0.373575
SG_019980,0.019502777777777775
SG_019981,0.4330777777777778
SG_019983,0.8794777777777778
SG_019984,0.6686749999999999
SG_019985,0.3438277777777778
SG_019989,0.223775
SG_019994,0.4908444444444444
SG_019998,0.20151944444444447
SG_019999,0.8431416666666667
SG_020000,0.5474222222222223
